"Data","Último","Abertura","Máxima","Mínima","Vol.","Var%"
"06.02.2025","5.800,50","5.830,50","5.844,50","5.788,50","2,17M","-0,31%"
"05.02.2025","5.818,50","5.787,00","5.818,50","5.818,50","2,82M","0,29%"
"04.02.2025","5.801,73","5.828,50","5.854,50","5.776,50","3,01M","-0,78%"
"03.02.2025","5.847,38","5.897,00","5.935,00","5.823,50","3,40M","0,30%"
"31.01.2025","5.830,10","5.863,50","5.874,50","5.815,50","186,35K","-0,65%"
"30.01.2025","5.868,23","5.864,00","5.957,50","5.850,00","3,39M","-0,07%"
"29.01.2025","5.872,61","5.866,00","5.891,00","5.845,00","3,10M","0,06%"
"28.01.2025","5.869,20","5.916,50","5.925,00","5.860,00","2,91M","-0,85%"
"27.01.2025","5.919,78","5.950,50","5.962,00","5.898,50","2,83M","0,15%"
"24.01.2025","5.910,67","5.912,00","5.932,50","5.875,00","2,83M","-0,04%"
"23.01.2025","5.913,26","5.952,00","5.980,00","5.882,50","3,55M","-0,47%"
"22.01.2025","5.941,14","6.023,00","6.030,00","5.925,00","3,77M","-1,59%"
"21.01.2025","6.037,38","6.065,00","6.080,00","6.029,00","2,71M","-0,31%"
"20.01.2025","6.056,39","6.080,00","6.100,00","6.035,00","2,60M","-0,29%"
"17.01.2025","6.074,07","6.072,00","6.104,50","6.041,50","2,97M","-0,12%"
"16.01.2025","6.081,57","6.040,00","6.086,00","6.011,00","3,24M","0,63%"
"15.01.2025","6.043,77","6.065,00","6.087,00","6.020,00","3,07M","-0,44%"
"14.01.2025","6.070,73","6.113,50","6.113,50","6.060,50","3,03M","-0,66%"
"13.01.2025","6.110,77","6.149,50","6.159,00","6.097,50","2,66M","-0,21%"
"10.01.2025","6.123,53","6.064,00","6.150,00","6.055,00","3,09M","0,72%"
"09.01.2025","6.079,62","6.132,00","6.147,50","6.056,00","2,86M","-1,09%"
"08.01.2025","6.146,35","6.151,50","6.182,00","6.127,50","2,82M","0,25%"
"07.01.2025","6.130,92","6.143,00","6.147,00","6.080,50","3,16M","-0,20%"
"06.01.2025","6.143,03","6.176,50","6.183,50","6.121,00","2,87M","-1,13%"
"03.01.2025","6.213,02","6.180,00","6.232,00","6.166,50","2,66M","0,32%"
"02.01.2025","6.193,11","6.219,50","6.261,00","6.175,00","2,71M","0,01%"
"30.12.2024","6.192,30","6.205,00","6.220,00","6.161,50","224,54K","-0,18%"
"27.12.2024","6.203,27","6.200,00","6.218,00","6.172,00","2,43M","0,45%"
"26.12.2024","6.175,67","6.165,00","6.202,00","6.150,50","2,81M","-0,34%"
"23.12.2024","6.197,04","6.123,00","6.206,00","6.113,00","2,64M","2,31%"
"20.12.2024","6.056,86","6.106,00","6.121,50","6.051,00","4,07M","-0,99%"
"19.12.2024","6.117,20","6.250,00","6.308,50","6.112,00","5,70M","-1,68%"
"18.12.2024","6.221,56","6.107,50","6.324,50","6.100,00","4,34M","1,85%"
"17.12.2024","6.108,32","6.155,00","6.217,50","6.067,50","5,14M","0,27%"
"16.12.2024","6.091,77","6.078,50","6.161,00","6.032,50","3,71M","0,59%"
"13.12.2024","6.055,94","5.992,50","6.085,50","5.980,50","3,83M","0,27%"
"12.12.2024","6.039,90","5.899,00","6.059,00","5.877,00","4,65M","0,22%"
"11.12.2024","6.026,69","6.080,00","6.084,00","5.948,00","4,03M","-0,74%"
"10.12.2024","6.071,36","6.067,00","6.083,50","6.029,50","3,00M","-0,35%"
"09.12.2024","6.092,76","6.092,00","6.104,00","6.050,50","2,68M","-0,17%"
"06.12.2024","6.102,97","6.035,00","6.108,50","5.998,50","3,39M","1,52%"
"05.12.2024","6.011,66","6.049,00","6.052,50","5.975,50","3,08M","-0,70%"
"04.12.2024","6.053,92","6.070,00","6.089,50","6.036,00","2,99M","-0,20%"
"03.12.2024","6.065,85","6.068,50","6.113,00","6.049,50","3,29M","-0,31%"
"02.12.2024","6.084,55","6.026,00","6.110,50","6.023,00","3,51M","0,51%"
"29.11.2024","6.053,50","6.005,50","6.112,00","5.995,00","304,63K","1,11%"
"28.11.2024","5.987,01","5.977,50","6.030,00","5.947,00","2,85M","1,11%"
"27.11.2024","5.921,35","5.806,50","5.966,00","5.805,00","4,33M","1,97%"
"26.11.2024","5.807,12","5.815,50","5.834,50","5.783,00","2,97M","-0,07%"
"25.11.2024","5.811,24","5.790,00","5.824,00","5.779,00","3,02M","-0,09%"
"22.11.2024","5.816,57","5.828,00","5.838,00","5.794,00","2,87M","-0,06%"
"21.11.2024","5.820,07","5.790,00","5.840,50","5.788,00","3,08M","0,65%"
"19.11.2024","5.782,33","5.770,00","5.804,00","5.754,00","2,90M","0,62%"
"18.11.2024","5.746,85","5.785,00","5.808,50","5.744,00","2,57M","-0,78%"
"14.11.2024","5.791,81","5.815,00","5.839,00","5.772,00","3,18M","-0,55%"
"13.11.2024","5.823,90","5.740,00","5.829,00","5.733,50","3,43M","0,89%"
"12.11.2024","5.772,69","5.795,00","5.807,00","5.749,00","3,36M","-0,11%"
"11.11.2024","5.779,12","5.787,00","5.827,00","5.759,00","2,65M","0,04%"
"08.11.2024","5.776,96","5.743,50","5.801,50","5.732,50","3,14M","1,30%"
"07.11.2024","5.702,73","5.707,00","5.735,50","5.645,00","4,50M","0,12%"
"06.11.2024","5.695,90","5.868,00","5.875,00","5.677,00","4,66M","-1,20%"
"05.11.2024","5.765,06","5.800,00","5.820,00","5.753,50","3,12M","-0,34%"
"04.11.2024","5.784,47","5.852,50","5.856,00","5.772,00","3,04M","-1,73%"
"01.11.2024","5.886,02","5.805,50","5.904,50","5.779,50","3,50M","1,87%"
"31.10.2024","5.777,90","5.767,50","5.779,00","5.754,00","150,47K","0,27%"
"30.10.2024","5.762,38","5.762,00","5.792,50","5.754,00","2,92M","0,08%"
"29.10.2024","5.757,67","5.710,00","5.768,00","5.698,00","3,66M","0,95%"
"28.10.2024","5.703,30","5.705,00","5.722,50","5.687,50","2,34M","-0,11%"
"25.10.2024","5.709,71","5.675,00","5.719,00","5.672,50","2,52M","0,32%"
"24.10.2024","5.691,77","5.688,50","5.724,50","5.665,00","2,99M","-0,06%"
"23.10.2024","5.695,12","5.722,00","5.736,50","5.689,00","2,87M","-0,25%"
"22.10.2024","5.709,26","5.691,50","5.723,50","5.680,00","2,75M","0,00%"
"21.10.2024","5.709,52","5.711,00","5.742,50","5.693,50","2,78M","0,20%"
"18.10.2024","5.698,02","5.644,50","5.711,50","5.637,50","2,63M","0,35%"
"17.10.2024","5.678,31","5.690,50","5.698,50","5.660,50","2,55M","0,08%"
"16.10.2024","5.673,61","5.665,00","5.710,00","5.640,50","3,18M","0,08%"
"15.10.2024","5.668,99","5.602,50","5.676,00","5.591,50","3,19M","1,43%"
"14.10.2024","5.589,01","5.627,00","5.664,50","5.575,50","2,86M","-0,93%"
"11.10.2024","5.641,34","5.587,50","5.666,50","5.570,50","","0,82%"
"10.10.2024","5.595,39","5.595,00","5.618,50","5.580,00","2,82M","-0,24%"
"09.10.2024","5.608,85","5.548,00","5.615,00","5.545,00","2,62M","1,19%"
"08.10.2024","5.542,98","5.521,00","5.557,00","5.511,50","2,70M","0,69%"
"07.10.2024","5.505,19","5.486,00","5.515,00","5.437,00","2,58M","0,44%"
"04.10.2024","5.481,18","5.490,00","5.538,00","5.465,00","2,73M","-0,08%"
"03.10.2024","5.485,69","5.472,50","5.530,00","5.468,00","2,55M","0,41%"
"02.10.2024","5.463,04","5.435,00","5.469,00","5.422,50","2,40M","-0,30%"
"01.10.2024","5.479,69","5.497,00","5.497,50","5.440,00","3,54M","0,58%"
"30.09.2024","5.448,10","5.431,00","5.461,00","5.403,00","169,07K","0,24%"
"27.09.2024","5.435,09","5.430,00","5.459,00","5.426,50","2,29M","-0,13%"
"26.09.2024","5.442,13","5.445,00","5.456,00","5.406,50","2,82M","-0,68%"
"25.09.2024","5.479,62","5.455,50","5.497,50","5.441,00","2,61M","0,40%"
"24.09.2024","5.457,66","5.522,00","5.530,00","5.448,00","2,95M","-1,43%"
"23.09.2024","5.536,78","5.573,00","5.603,50","5.530,00","2,80M","0,28%"
"20.09.2024","5.521,46","5.439,50","5.529,00","5.423,00","3,27M","1,65%"
"19.09.2024","5.431,78","5.408,00","5.447,50","5.401,50","2,93M","-0,19%"
"18.09.2024","5.442,22","5.483,00","5.503,00","5.417,00","3,55M","-0,84%"
"17.09.2024","5.488,26","5.519,00","5.523,50","5.486,00","2,81M","-0,67%"
"16.09.2024","5.525,06","5.572,50","5.590,00","5.506,00","2,82M","-0,95%"
"13.09.2024","5.578,05","5.620,00","5.629,50","5.554,00","2,81M","-1,09%"
"12.09.2024","5.639,45","5.659,50","5.688,00","5.625,50","2,77M","-0,32%"
"11.09.2024","5.657,81","5.647,00","5.685,50","5.617,50","3,20M","-0,15%"
"10.09.2024","5.666,13","5.588,50","5.684,00","5.581,00","3,20M","1,23%"
"09.09.2024","5.597,04","5.600,00","5.654,00","5.588,00","2,49M","-0,15%"
"06.09.2024","5.605,45","5.592,50","5.616,00","5.543,00","3,11M","0,19%"
"05.09.2024","5.594,70","5.654,00","5.665,00","5.580,00","2,84M","-0,96%"
"04.09.2024","5.648,97","5.661,50","5.677,00","5.631,00","2,86M","-0,15%"
"03.09.2024","5.657,30","5.656,00","5.669,00","5.592,00","3,16M","0,31%"
"02.09.2024","5.639,62","5.642,50","5.677,50","5.620,50","2,52M","-0,29%"
"30.08.2024","5.656,20","5.580,00","5.693,00","5.574,50","349,77K","0,58%"
"29.08.2024","5.623,69","5.559,50","5.664,50","5.557,00","3,48M","1,29%"
"28.08.2024","5.552,17","5.513,50","5.572,00","5.513,00","3,01M","0,89%"
"27.08.2024","5.503,08","5.484,00","5.522,00","5.479,00","2,68M","0,24%"
"26.08.2024","5.489,68","5.496,50","5.517,00","5.474,50","2,87M","0,05%"
"23.08.2024","5.487,17","5.589,00","5.589,00","5.479,50","3,31M","-1,94%"
"22.08.2024","5.595,64","5.490,00","5.614,00","5.485,50","3,82M","2,05%"
"21.08.2024","5.483,15","5.478,50","5.516,00","5.464,00","3,36M","-0,21%"
"20.08.2024","5.494,92","5.446,00","5.499,00","5.440,50","3,44M","1,52%"
"19.08.2024","5.412,69","5.480,00","5.481,50","5.384,00","3,47M","-1,23%"
"16.08.2024","5.480,08","5.486,00","5.495,00","5.445,50","2,68M","-0,25%"
"15.08.2024","5.493,64","5.478,50","5.505,00","5.460,50","2,84M","0,28%"
"14.08.2024","5.478,17","5.457,00","5.497,00","5.436,50","3,28M","0,19%"
"13.08.2024","5.467,65","5.484,00","5.513,50","5.458,00","3,31M","-0,84%"
"12.08.2024","5.513,97","5.519,50","5.535,50","5.483,50","3,49M","-0,12%"
"09.08.2024","5.520,83","5.548,00","5.567,50","5.504,00","3,48M","-1,13%"
"08.08.2024","5.583,69","5.646,00","5.670,00","5.546,00","3,75M","-1,03%"
"07.08.2024","5.641,86","5.632,00","5.655,00","5.611,50","3,48M","-0,36%"
"06.08.2024","5.662,00","5.728,50","5.729,50","5.646,50","4,27M","-1,56%"
"05.08.2024","5.751,54","5.880,00","5.883,00","5.730,00","4,28M","0,16%"
"02.08.2024","5.742,52","5.778,00","5.811,50","5.716,50","4,37M","-0,26%"
"01.08.2024","5.757,63","5.690,50","5.774,00","5.651,00","4,31M","1,69%"
"31.07.2024","5.662,10","5.610,00","5.683,00","5.606,00","256,34K","0,66%"
"30.07.2024","5.625,00","5.617,00","5.664,50","5.610,00","2,94M","-0,19%"
"29.07.2024","5.635,46","5.666,50","5.671,00","5.615,00","2,96M","-0,61%"
"26.07.2024","5.669,96","5.620,50","5.676,00","5.619,50","3,29M","0,28%"
"25.07.2024","5.654,35","5.691,00","5.699,50","5.623,50","3,50M","-0,13%"
"24.07.2024","5.661,91","5.605,00","5.666,00","5.602,00","3,40M","1,13%"
"23.07.2024","5.598,71","5.589,50","5.613,00","5.564,00","3,42M","0,43%"
"22.07.2024","5.574,70","5.600,00","5.617,50","5.542,00","2,95M","-0,57%"
"19.07.2024","5.606,42","5.548,00","5.621,50","5.529,50","2,52M","0,40%"
"18.07.2024","5.583,82","5.492,50","5.598,00","5.489,00","3,44M","1,67%"
"17.07.2024","5.492,35","5.450,00","5.499,00","5.443,00","2,87M","0,99%"
"16.07.2024","5.438,46","5.446,50","5.472,00","5.415,00","3,12M","-0,26%"
"15.07.2024","5.452,69","5.465,00","5.488,00","5.440,00","2,43M","0,19%"
"12.07.2024","5.442,26","5.437,00","5.477,50","5.427,00","2,60M","-0,17%"
"11.07.2024","5.451,27","5.420,50","5.466,50","5.383,00","3,37M","0,55%"
"10.07.2024","5.421,23","5.419,00","5.439,00","5.384,00","2,91M","-0,17%"
"09.07.2024","5.430,47","5.487,00","5.492,00","5.424,00","2,45M","-1,09%"
"08.07.2024","5.490,17","5.470,00","5.509,00","5.469,50","2,34M","0,26%"
"05.07.2024","5.475,81","5.485,00","5.550,00","5.471,50","3,15M","-0,58%"
"04.07.2024","5.507,89","5.529,00","5.532,00","5.483,00","2,43M","-1,23%"
"03.07.2024","5.576,65","5.680,50","5.685,50","5.557,50","3,61M","-2,04%"
"02.07.2024","5.692,59","5.674,50","5.717,00","5.646,00","4,02M","0,85%"
"01.07.2024","5.644,64","5.600,00","5.683,00","5.584,50","3,46M","1,54%"
"28.06.2024","5.558,90","5.502,00","5.573,50","5.485,00","281,02K","0,91%"
"27.06.2024","5.508,72","5.523,00","5.540,00","5.484,00","3,42M","-0,22%"
"26.06.2024","5.520,71","5.467,50","5.537,50","5.460,00","3,34M","1,26%"
"25.06.2024","5.451,91","5.413,50","5.463,00","5.406,50","2,74M","1,09%"
"24.06.2024","5.393,20","5.433,00","5.440,00","5.378,00","2,48M","-1,13%"
"21.06.2024","5.454,71","5.450,00","5.465,50","5.426,00","3,02M","0,12%"
"20.06.2024","5.448,19","5.383,00","5.473,50","5.383,00","3,70M","-0,26%"
"19.06.2024","5.462,62","5.438,50","5.487,50","5.420,00","2,41M","0,63%"
"18.06.2024","5.428,54","5.440,50","5.450,00","5.396,50","2,88M","0,00%"
"17.06.2024","5.428,71","5.380,00","5.436,00","5.378,00","2,08M","0,79%"
"14.06.2024","5.386,06","5.385,00","5.394,50","5.352,00","2,62M","0,14%"
"13.06.2024","5.378,74","5.400,50","5.425,00","5.368,50","3,05M","-0,32%"
"12.06.2024","5.395,83","5.379,00","5.438,50","5.345,00","4,15M","0,48%"
"11.06.2024","5.370,00","5.369,00","5.383,00","5.345,50","2,81M","0,09%"
"10.06.2024","5.364,94","5.356,00","5.399,50","5.325,50","3,07M","0,99%"
"07.06.2024","5.312,41","5.265,50","5.374,50","5.251,50","3,57M","1,09%"
"06.06.2024","5.255,16","5.305,00","5.320,50","5.252,50","2,87M","-1,07%"
"05.06.2024","5.311,99","5.284,50","5.317,00","5.272,00","2,89M","0,16%"
"04.06.2024","5.303,34","5.273,00","5.309,00","5.261,50","3,42M","1,28%"
"03.06.2024","5.236,28","5.267,50","5.280,50","5.227,00","3,02M","-0,10%"
"31.05.2024","5.241,60","5.204,50","5.247,50","5.190,00","177,31K","0,67%"
"29.05.2024","5.206,66","5.176,50","5.214,00","5.170,00","2,58M","0,92%"
"28.05.2024","5.159,36","5.166,50","5.169,50","5.135,00","2,36M","-0,28%"
"27.05.2024","5.173,78","5.160,00","5.185,00","5.156,00","1,42M","0,05%"
"24.05.2024","5.171,37","5.140,00","5.176,50","5.131,00","2,21M","0,21%"
"23.05.2024","5.160,70","5.146,00","5.162,00","5.127,00","2,48M","0,06%"
"22.05.2024","5.157,79","5.140,00","5.166,50","5.136,00","2,70M","0,77%"
"21.05.2024","5.118,29","5.101,00","5.128,00","5.087,00","2,58M","0,10%"
"20.05.2024","5.113,17","5.108,00","5.134,00","5.094,50","2,25M","0,08%"
"17.05.2024","5.109,15","5.142,00","5.144,00","5.105,00","2,24M","-0,51%"
"16.05.2024","5.135,24","5.146,00","5.146,00","5.111,50","2,22M","-0,21%"
"15.05.2024","5.146,30","5.170,00","5.175,00","5.127,00","2,75M","0,18%"
"14.05.2024","5.137,23","5.156,00","5.169,00","5.131,50","2,31M","-0,43%"
"13.05.2024","5.159,59","5.155,00","5.173,00","5.132,00","2,03M","-0,12%"
"10.05.2024","5.165,59","5.148,50","5.173,50","5.127,50","2,43M","0,20%"
"09.05.2024","5.155,37","5.152,50","5.187,50","5.146,50","3,23M","0,97%"
"08.05.2024","5.105,71","5.086,50","5.118,00","5.086,00","2,16M","0,47%"
"07.05.2024","5.082,00","5.089,50","5.095,00","5.059,50","2,21M","0,01%"
"06.05.2024","5.081,64","5.075,00","5.103,50","5.072,00","1,85M","0,01%"
"03.05.2024","5.081,02","5.116,00","5.130,00","5.057,50","2,89M","-0,80%"
"02.05.2024","5.121,98","5.173,00","5.173,50","5.114,50","2,70M","-0,96%"
"30.04.2024","5.171,80","5.126,00","5.176,00","5.115,00","280,35K","1,16%"
"29.04.2024","5.112,37","5.110,00","5.124,00","5.103,50","2,32M","-0,07%"
"26.04.2024","5.116,18","5.169,50","5.171,00","5.110,00","2,44M","-0,96%"
"25.04.2024","5.165,97","5.155,50","5.196,00","5.111,00","3,07M","0,25%"
"24.04.2024","5.153,29","5.135,50","5.174,00","5.126,00","2,41M","0,46%"
"23.04.2024","5.129,64","5.176,50","5.192,00","5.122,00","2,52M","-0,95%"
"22.04.2024","5.178,86","5.212,00","5.222,00","5.167,50","2,41M","-0,39%"
"19.04.2024","5.199,28","5.276,00","5.283,50","5.190,50","2,85M","-1,19%"
"18.04.2024","5.261,72","5.236,50","5.285,00","5.234,50","2,98M","0,51%"
"17.04.2024","5.235,26","5.288,00","5.290,00","5.225,50","3,51M","-0,48%"
"16.04.2024","5.260,25","5.207,00","5.299,50","5.205,00","4,23M","1,38%"
"15.04.2024","5.188,90","5.117,00","5.223,50","5.112,50","3,63M","0,96%"
"12.04.2024","5.139,32","5.122,50","5.157,50","5.116,50","3,24M","0,78%"
"11.04.2024","5.099,74","5.083,00","5.104,00","5.068,00","2,59M","0,18%"
"10.04.2024","5.090,38","5.014,00","5.095,50","5.007,00","3,37M","1,46%"
"09.04.2024","5.016,96","5.035,50","5.037,50","5.010,00","2,03M","-0,48%"
"08.04.2024","5.040,96","5.082,00","5.086,50","5.035,00","1,89M","-0,82%"
"05.04.2024","5.082,56","5.065,00","5.087,50","5.041,00","2,74M","0,62%"
"04.04.2024","5.051,23","5.055,00","5.072,00","5.018,50","2,75M","0,01%"
"03.04.2024","5.050,86","5.084,50","5.105,00","5.048,50","2,93M","-0,44%"
"02.04.2024","5.072,95","5.045,00","5.082,50","5.044,50","2,66M","-0,16%"
"01.04.2024","5.081,21","5.024,50","5.086,00","5.024,00","2,67M","1,70%"
"28.03.2024","4.996,20","4.993,00","5.003,50","4.987,00","183,17K","0,37%"
"27.03.2024","4.977,83","4.972,00","4.995,00","4.971,00","2,22M","-0,08%"
"26.03.2024","4.981,69","4.969,50","4.992,50","4.963,00","2,15M","0,16%"
"25.03.2024","4.973,69","4.993,50","5.005,50","4.971,50","1,96M","-0,58%"
"22.03.2024","5.002,68","4.995,00","5.009,50","4.981,50","2,16M","0,54%"
"21.03.2024","4.975,63","4.957,00","4.987,00","4.955,50","2,11M","-0,06%"
"20.03.2024","4.978,40","5.033,00","5.035,00","4.965,50","2,87M","-0,82%"
"19.03.2024","5.019,79","5.047,00","5.057,00","5.011,50","2,82M","-0,16%"
"18.03.2024","5.027,86","4.993,00","5.039,50","4.986,50","2,40M","0,60%"
"15.03.2024","4.998,07","4.992,50","5.005,50","4.986,00","2,06M","0,01%"
"14.03.2024","4.997,38","4.969,00","5.005,00","4.958,00","2,65M","0,43%"
"13.03.2024","4.976,10","4.970,00","4.992,50","4.967,00","1,89M","0,02%"
"12.03.2024","4.975,02","4.980,00","5.000,00","4.963,50","2,52M","-0,14%"
"11.03.2024","4.982,12","4.990,00","5.007,00","4.967,00","2,19M","-0,17%"
"08.03.2024","4.990,70","4.960,00","5.000,00","4.959,50","2,91M","0,95%"
"07.03.2024","4.943,77","4.947,50","4.953,00","4.941,00","1,51M","-0,19%"
"06.03.2024","4.953,06","4.955,00","4.959,50","4.942,50","1,80M","-0,26%"
"05.03.2024","4.965,92","4.964,00","4.973,00","4.950,50","1,87M","0,14%"
"04.03.2024","4.958,88","4.965,00","4.969,50","4.951,50","1,45M","-0,16%"
"01.03.2024","4.966,58","4.973,50","4.987,00","4.958,50","2,12M","-0,34%"
"29.02.2024","4.983,30","4.961,00","4.999,50","4.958,00","132,41K","0,31%"
"28.02.2024","4.968,06","4.943,50","4.975,00","4.941,50","2,37M","0,74%"
"27.02.2024","4.931,75","4.979,00","4.980,00","4.928,50","2,59M","-0,97%"
"26.02.2024","4.980,04","4.986,00","4.997,00","4.971,50","1,88M","-0,19%"
"23.02.2024","4.989,51","4.963,00","4.999,50","4.961,00","2,81M","0,75%"
"22.02.2024","4.952,17","4.930,00","4.969,00","4.922,00","2,41M","0,16%"
"21.02.2024","4.944,46","4.934,50","4.950,00","4.925,00","2,09M","0,21%"
"20.02.2024","4.933,88","4.968,00","4.969,00","4.929,00","2,50M","-0,69%"
"19.02.2024","4.967,98","4.974,00","4.977,00","4.957,00","1,16M","-0,13%"
"16.02.2024","4.974,48","4.976,00","4.995,00","4.965,00","2,00M","-0,04%"
"15.02.2024","4.976,51","4.965,00","4.990,00","4.964,00","2,32M","-0,02%"
"14.02.2024","4.977,26","4.979,00","4.987,00","4.971,00","1,01M","0,29%"
"09.02.2024","4.962,88","4.999,00","5.000,00","4.959,00","2,28M","-0,76%"
"08.02.2024","5.000,95","4.985,00","5.012,00","4.982,50","2,42M","0,46%"
"07.02.2024","4.977,94","4.973,00","4.983,00","4.961,00","1,97M","0,19%"
"06.02.2024","4.968,63","4.987,00","4.991,00","4.960,50","2,41M","-0,60%"
"05.02.2024","4.998,62","4.989,00","5.029,00","4.980,50","2,53M","0,41%"
"02.02.2024","4.978,23","4.923,50","4.988,00","4.915,00","2,75M","0,94%"
"01.02.2024","4.932,04","4.961,00","4.982,00","4.922,50","2,60M","-0,43%"
"31.01.2024","4.953,50","4.956,00","4.966,00","4.945,50","228,08K","0,13%"
"30.01.2024","4.946,88","4.945,00","4.983,00","4.935,50","2,65M","-0,19%"
"29.01.2024","4.956,06","4.919,50","4.961,50","4.908,00","2,73M","0,82%"
"26.01.2024","4.915,72","4.909,50","4.923,50","4.905,50","1,99M","-0,23%"
"25.01.2024","4.927,21","4.934,50","4.946,50","4.911,50","2,17M","-0,14%"
"24.01.2024","4.934,35","4.935,00","4.942,50","4.912,50","2,59M","-0,48%"
"23.01.2024","4.957,91","4.992,00","5.007,00","4.952,00","2,98M","-0,74%"
"22.01.2024","4.994,72","4.931,50","4.999,50","4.929,50","3,34M","1,28%"
"19.01.2024","4.931,54","4.923,50","4.947,00","4.910,00","2,37M","-0,15%"
"18.01.2024","4.938,82","4.936,00","4.965,00","4.922,00","2,57M","-0,10%"
"17.01.2024","4.943,81","4.957,00","4.963,50","4.932,00","2,71M","0,08%"
"16.01.2024","4.939,90","4.908,00","4.943,50","4.895,50","3,21M","1,39%"
"15.01.2024","4.872,39","4.850,00","4.897,00","4.850,00","1,56M","0,10%"
"12.01.2024","4.867,37","4.884,00","4.890,00","4.842,00","2,64M","-0,55%"
"11.01.2024","4.894,30","4.903,50","4.907,50","4.871,00","3,00M","-0,25%"
"10.01.2024","4.906,73","4.915,00","4.919,50","4.891,00","2,06M","-0,15%"
"09.01.2024","4.914,23","4.895,50","4.924,00","4.890,50","2,15M","0,51%"
"08.01.2024","4.889,14","4.894,50","4.917,00","4.879,00","2,02M","0,07%"
"05.01.2024","4.885,71","4.927,00","4.958,50","4.876,50","2,78M","-0,86%"
"04.01.2024","4.928,04","4.929,50","4.954,50","4.913,00","2,32M","-0,16%"
"03.01.2024","4.936,17","4.957,00","4.957,50","4.917,00","2,64M","0,00%"
"02.01.2024","4.936,36","4.884,00","4.945,00","4.866,00","2,47M","1,96%"
"28.12.2023","4.841,30","4.828,50","4.847,50","4.818,00","174,14K","0,30%"
"27.12.2023","4.826,75","4.808,00","4.834,00","4.798,50","2,00M","0,13%"
"26.12.2023","4.820,51","4.848,00","4.858,00","4.809,00","1,89M","-0,61%"
"22.12.2023","4.850,20","4.871,50","4.879,00","4.846,50","2,14M","-0,73%"
"21.12.2023","4.885,96","4.887,50","4.899,00","4.863,50","2,56M","-0,19%"
"20.12.2023","4.895,17","4.870,00","4.917,00","4.855,00","2,40M","0,69%"
"19.12.2023","4.861,46","4.889,50","4.896,00","4.849,50","2,69M","-0,83%"
"18.12.2023","4.902,29","4.939,50","4.953,00","4.891,50","2,33M","-0,85%"
"15.12.2023","4.944,21","4.913,00","4.954,00","4.906,50","2,77M","0,67%"
"14.12.2023","4.911,33","4.885,00","4.922,00","4.880,50","3,08M","-1,30%"
"13.12.2023","4.975,83","4.967,50","4.981,00","4.918,00","3,31M","0,10%"
"12.12.2023","4.970,63","4.933,50","4.978,50","4.928,00","2,63M","0,62%"
"11.12.2023","4.939,76","4.942,50","4.966,50","4.936,50","1,96M","0,10%"
"08.12.2023","4.934,76","4.906,00","4.945,00","4.905,00","2,44M","0,36%"
"07.12.2023","4.917,10","4.907,00","4.925,00","4.890,00","2,44M","0,20%"
"06.12.2023","4.907,31","4.930,00","4.932,00","4.897,50","2,29M","-0,67%"
"05.12.2023","4.940,50","4.964,00","4.979,00","4.934,00","2,97M","-0,46%"
"04.12.2023","4.963,41","4.907,00","4.966,00","4.902,50","2,38M","1,58%"
"01.12.2023","4.886,02","4.925,50","4.950,00","4.881,50","2,95M","-1,00%"
"30.11.2023","4.935,50","4.921,50","4.943,50","4.918,00","212,37K","1,09%"
"29.11.2023","4.882,52","4.874,00","4.907,00","4.864,50","2,81M","0,18%"
"28.11.2023","4.873,85","4.898,50","4.909,50","4.858,50","3,17M","-0,63%"
"27.11.2023","4.904,98","4.902,00","4.923,00","4.873,00","2,77M","0,14%"
"24.11.2023","4.898,08","4.903,50","4.908,50","4.885,00","1,94M","-0,27%"
"23.11.2023","4.911,26","4.904,00","4.913,00","4.890,50","1,31M","0,14%"
"22.11.2023","4.904,57","4.904,50","4.924,00","4.881,50","2,89M","-0,07%"
"21.11.2023","4.907,97","4.856,50","4.911,50","4.847,50","2,63M","1,02%"
"20.11.2023","4.858,26","4.901,00","4.911,00","4.851,50","2,18M","-0,95%"
"17.11.2023","4.904,84","4.862,00","4.918,50","4.858,00","2,83M","0,67%"
"16.11.2023","4.872,01","4.871,50","4.895,00","4.845,00","2,73M","0,03%"
"14.11.2023","4.870,55","4.908,00","4.916,00","4.856,50","2,77M","-0,96%"
"13.11.2023","4.917,77","4.920,00","4.952,50","4.915,50","2,23M","-0,16%"
"10.11.2023","4.925,43","4.945,00","4.966,00","4.912,00","2,32M","-0,19%"
"09.11.2023","4.935,04","4.921,50","4.959,50","4.904,50","2,85M","0,34%"
"08.11.2023","4.918,57","4.900,50","4.929,50","4.883,00","2,65M","0,79%"
"07.11.2023","4.879,96","4.919,00","4.923,00","4.871,50","2,88M","-0,53%"
"06.11.2023","4.906,06","4.909,00","4.926,50","4.895,50","2,33M","-0,08%"
"03.11.2023","4.910,17","4.951,50","4.951,50","4.892,00","2,79M","-1,73%"
"01.11.2023","4.996,69","5.054,00","5.064,00","5.002,00","3,74M","-1,20%"
"31.10.2023","5.057,50","5.030,00","5.067,00","5.008,50","251,80K","0,07%"
"30.10.2023","5.053,93","4.995,00","5.060,50","4.973,00","3,73M","0,75%"
"27.10.2023","5.016,25","4.990,00","5.017,50","4.932,50","4,03M","0,37%"
"26.10.2023","4.997,62","5.005,50","5.022,50","4.992,00","3,31M","-0,27%"
"25.10.2023","5.011,38","5.002,00","5.023,00","4.990,00","3,05M","0,14%"
"24.10.2023","5.004,27","5.021,00","5.035,50","4.994,00","3,42M","-0,32%"
"23.10.2023","5.020,44","5.055,00","5.060,50","5.002,00","3,43M","-0,40%"
"20.10.2023","5.040,62","5.066,50","5.107,00","5.033,00","3,34M","-0,41%"
"19.10.2023","5.061,44","5.087,00","5.093,50","5.029,00","3,90M","0,02%"
"18.10.2023","5.060,45","5.065,00","5.085,00","5.038,00","3,26M","0,22%"
"17.10.2023","5.049,43","5.060,00","5.076,50","5.020,00","3,46M","-0,04%"
"16.10.2023","5.051,31","5.066,00","5.084,00","5.052,00","2,45M","-1,20%"
"13.10.2023","5.112,43","5.080,50","5.110,00","5.058,50","2,84M","0,79%"
"11.10.2023","5.072,26","5.058,00","5.086,50","5.043,50","3,33M","-0,18%"
"10.10.2023","5.081,50","5.155,00","5.157,00","5.078,50","3,45M","-1,27%"
"09.10.2023","5.146,82","5.192,00","5.199,50","5.138,00","2,69M","-0,56%"
"06.10.2023","5.175,56","5.181,50","5.237,00","5.162,50","4,03M","-0,23%"
"05.10.2023","5.187,34","5.185,00","5.206,00","5.167,50","3,32M","0,34%"
"04.10.2023","5.169,97","5.162,00","5.197,00","5.142,50","4,03M","0,03%"
"03.10.2023","5.168,67","5.099,00","5.178,50","5.090,00","4,54M","1,44%"
"02.10.2023","5.095,07","5.088,00","5.100,00","5.057,50","3,18M","1,75%"
"29.09.2023","5.007,60","5.019,00","5.019,00","4.991,00","294,95K","-0,86%"
"28.09.2023","5.050,79","5.040,00","5.070,50","5.015,50","3,81M","-0,12%"
"27.09.2023","5.057,00","4.987,00","5.079,50","4.987,00","4,31M","1,37%"
"26.09.2023","4.988,64","4.977,00","4.989,00","4.954,00","3,23M","0,31%"
"25.09.2023","4.973,37","4.949,00","4.978,00","4.940,50","2,35M","0,77%"
"22.09.2023","4.935,29","4.920,00","4.936,50","4.908,50","2,43M","-0,04%"
"21.09.2023","4.937,08","4.902,00","4.941,00","4.897,00","3,15M","1,37%"
"20.09.2023","4.870,38","4.865,00","4.876,00","4.848,50","2,79M","-0,24%"
"19.09.2023","4.881,96","4.855,50","4.879,00","4.848,00","2,37M","0,48%"
"18.09.2023","4.858,63","4.884,00","4.887,50","4.850,50","2,35M","-0,41%"
"15.09.2023","4.878,82","4.877,50","4.890,00","4.870,00","2,50M","-0,14%"
"14.09.2023","4.885,46","4.929,50","4.934,00","4.874,00","2,93M","-0,80%"
"13.09.2023","4.924,99","4.967,50","4.979,00","4.906,00","2,84M","-0,77%"
"12.09.2023","4.963,01","4.958,00","4.981,00","4.948,00","2,13M","0,31%"
"11.09.2023","4.947,69","4.977,00","4.987,50","4.935,50","2,44M","-1,07%"
"08.09.2023","5.001,20","5.001,50","5.011,50","4.983,00","1,96M","-0,07%"
"06.09.2023","5.004,81","4.994,00","5.014,00","4.973,00","2,82M","0,16%"
"05.09.2023","4.997,00","4.982,00","5.000,00","4.974,00","2,64M","0,89%"
"04.09.2023","4.953,07","4.955,00","4.963,00","4.927,50","1,71M","-0,05%"
"01.09.2023","4.955,48","4.962,00","4.968,00","4.920,00","2,84M","0,68%"
"31.08.2023","4.921,90","4.881,00","4.930,00","4.865,50","241,73K","1,13%"
"30.08.2023","4.866,69","4.862,00","4.884,50","4.844,00","2,83M","0,11%"
"29.08.2023","4.861,17","4.883,00","4.905,00","4.853,00","3,11M","-0,45%"
"28.08.2023","4.882,96","4.880,50","4.915,00","4.869,00","2,09M","0,28%"
"25.08.2023","4.869,48","4.887,00","4.906,50","4.863,00","2,84M","-0,22%"
"24.08.2023","4.880,03","4.879,00","4.894,00","4.862,00","2,47M","0,23%"
"23.08.2023","4.868,98","4.935,00","4.949,00","4.865,50","3,15M","-1,47%"
"22.08.2023","4.941,61","4.975,00","4.975,00","4.934,50","2,47M","-0,96%"
"21.08.2023","4.989,67","4.980,00","5.007,50","4.969,00","2,05M","0,17%"
"18.08.2023","4.981,12","4.992,50","5.014,50","4.970,00","2,42M","-0,45%"
"17.08.2023","5.003,57","4.987,00","5.011,50","4.973,50","2,71M","0,15%"
"16.08.2023","4.995,87","4.990,50","5.007,00","4.965,00","2,98M","-0,20%"
"15.08.2023","5.006,03","4.993,00","5.014,00","4.975,00","2,94M","0,56%"
"14.08.2023","4.978,35","4.932,00","4.981,50","4.928,50","2,66M","1,22%"
"11.08.2023","4.918,52","4.894,00","4.926,50","4.881,00","2,55M","0,62%"
"10.08.2023","4.888,24","4.909,50","4.914,00","4.860,50","2,97M","-0,74%"
"09.08.2023","4.924,75","4.914,50","4.936,00","4.894,00","2,76M","0,09%"
"08.08.2023","4.920,51","4.954,50","4.963,00","4.911,00","2,71M","0,02%"
"07.08.2023","4.919,70","4.895,00","4.937,50","4.891,00","2,11M","0,62%"
"04.08.2023","4.889,33","4.945,00","4.949,00","4.870,50","2,88M","-0,42%"
"03.08.2023","4.909,97","4.871,00","4.924,00","4.868,00","3,35M","1,61%"
"02.08.2023","4.832,38","4.827,00","4.848,00","4.807,00","2,55M","0,22%"
"01.08.2023","4.821,91","4.755,00","4.825,00","4.755,00","2,71M","1,70%"
"31.07.2023","4.741,50","4.733,00","4.747,00","4.714,00","160,76K","0,24%"
"28.07.2023","4.730,07","4.729,50","4.744,00","4.697,00","2,55M","-0,43%"
"27.07.2023","4.750,45","4.726,50","4.738,50","4.711,50","2,93M","0,42%"
"26.07.2023","4.730,61","4.747,00","4.758,00","4.731,00","2,42M","-0,56%"
"25.07.2023","4.757,23","4.731,00","4.764,50","4.722,50","2,60M","0,38%"
"24.07.2023","4.739,41","4.778,00","4.788,50","4.729,00","2,61M","-0,86%"
"21.07.2023","4.780,34","4.828,00","4.830,00","4.767,50","2,31M","-0,61%"
"20.07.2023","4.809,81","4.801,00","4.821,00","4.778,00","2,68M","0,35%"
"19.07.2023","4.792,81","4.827,00","4.832,50","4.792,50","2,32M","-0,58%"
"18.07.2023","4.821,00","4.818,00","4.839,00","4.806,50","2,81M","0,00%"
"17.07.2023","4.820,94","4.815,00","4.863,00","4.810,50","2,40M","0,35%"
"14.07.2023","4.804,18","4.818,50","4.829,50","4.790,50","2,79M","-0,09%"
"13.07.2023","4.808,43","4.816,00","4.843,50","4.805,50","2,84M","-0,57%"
"12.07.2023","4.835,81","4.867,50","4.878,00","4.801,00","2,95M","-0,89%"
"11.07.2023","4.879,07","4.916,50","4.941,50","4.880,00","2,59M","-0,45%"
"10.07.2023","4.900,99","4.888,00","4.912,50","4.875,50","2,39M","0,53%"
"07.07.2023","4.874,97","4.942,00","4.959,00","4.869,00","2,91M","-1,47%"
"06.07.2023","4.947,60","4.870,50","4.973,50","4.863,50","3,40M","1,63%"
"05.07.2023","4.868,36","4.868,00","4.893,00","4.857,50","2,45M","0,16%"
"04.07.2023","4.860,81","4.823,00","4.870,50","4.807,00","1,76M","0,76%"
"03.07.2023","4.823,96","4.821,00","4.826,50","4.783,50","2,20M","0,10%"
"30.06.2023","4.819,20","4.862,00","4.871,50","4.815,50","214,58K","-0,92%"
"29.06.2023","4.863,75","4.848,00","4.876,00","4.831,00","2,89M","0,51%"
"28.06.2023","4.839,21","4.817,50","4.871,50","4.811,00","2,92M","0,88%"
"27.06.2023","4.797,17","4.771,00","4.808,00","4.752,50","2,78M","0,62%"
"26.06.2023","4.767,38","4.785,00","4.786,50","4.761,50","1,84M","-0,42%"
"23.06.2023","4.787,52","4.795,50","4.812,50","4.770,50","2,33M","0,11%"
"22.06.2023","4.782,37","4.773,00","4.795,00","4.758,00","2,58M","0,22%"
"21.06.2023","4.771,75","4.800,00","4.823,00","4.768,50","2,62M","-0,58%"
"20.06.2023","4.799,47","4.795,50","4.817,00","4.783,00","2,74M","0,32%"
"19.06.2023","4.784,33","4.835,00","4.842,00","4.770,00","2,10M","-0,85%"
"16.06.2023","4.825,55","4.823,50","4.861,50","4.819,50","2,70M","0,29%"
"15.06.2023","4.811,38","4.840,00","4.858,50","4.808,50","2,71M","-0,85%"
"14.06.2023","4.852,40","4.875,00","4.883,00","4.847,00","3,44M","-0,56%"
"13.06.2023","4.879,69","4.885,00","4.896,50","4.865,00","2,70M","-0,13%"
"12.06.2023","4.886,03","4.901,50","4.919,50","4.883,00","2,44M","-0,12%"
"09.06.2023","4.891,77","4.936,00","4.948,50","4.875,50","2,43M","-1,01%"
"07.06.2023","4.941,50","4.930,00","4.954,50","4.922,50","2,82M","0,19%"
"06.06.2023","4.932,29","4.956,50","4.979,00","4.923,00","2,76M","-0,31%"
"05.06.2023","4.947,41","5.000,00","5.001,00","4.936,50","2,73M","-0,83%"
"02.06.2023","4.988,80","5.030,00","5.031,00","4.972,00","2,79M","-0,93%"
"01.06.2023","5.035,62","5.067,00","5.086,00","5.033,00","3,03M","-1,18%"
"31.05.2023","5.095,90","5.057,00","5.097,00","5.054,00","298,50K","1,02%"
"30.05.2023","5.044,56","5.010,00","5.071,00","5.002,00","2,93M","0,56%"
"29.05.2023","5.016,63","5.005,00","5.018,50","4.977,00","1,71M","0,56%"
"26.05.2023","4.988,68","5.020,50","5.036,00","4.984,00","2,92M","-0,91%"
"25.05.2023","5.034,65","4.958,50","5.033,50","4.949,50","3,65M","1,51%"
"24.05.2023","4.959,74","4.971,00","4.971,50","4.941,50","2,36M","-0,52%"
"23.05.2023","4.985,43","4.989,00","5.003,00","4.958,50","2,73M","0,32%"
"22.05.2023","4.969,74","5.009,50","5.016,00","4.963,00","2,40M","-0,79%"
"19.05.2023","5.009,55","4.965,50","5.013,00","4.956,50","3,17M","0,62%"
"18.05.2023","4.978,75","4.963,50","4.994,50","4.961,50","2,69M","0,64%"
"17.05.2023","4.947,32","4.955,00","4.984,50","4.935,50","3,07M","-0,04%"
"16.05.2023","4.949,05","4.909,00","4.968,50","4.901,50","3,26M","0,83%"
"15.05.2023","4.908,45","4.938,00","4.949,00","4.912,50","2,64M","-0,72%"
"12.05.2023","4.944,09","4.953,00","4.975,00","4.924,50","2,64M","-0,33%"
"11.05.2023","4.960,62","4.977,00","5.004,50","4.953,50","2,93M","-0,32%"
"10.05.2023","4.976,38","5.008,50","5.013,50","4.960,00","2,65M","-0,86%"
"09.05.2023","5.019,46","5.031,00","5.060,00","4.995,50","2,85M","-0,18%"
"08.05.2023","5.028,32","4.978,00","5.039,50","4.966,00","2,83M","1,30%"
"05.05.2023","4.963,81","5.008,50","5.034,00","4.951,00","2,90M","-1,10%"
"04.05.2023","5.018,98","5.005,00","5.061,50","4.995,50","2,84M","0,01%"
"03.05.2023","5.018,66","5.046,00","5.080,00","5.015,00","2,95M","-1,11%"
"02.05.2023","5.074,88","5.029,00","5.083,00","5.022,50","2,47M","1,48%"
"28.04.2023","5.000,70","4.995,00","5.020,00","4.981,00","206,94K","0,46%"
"27.04.2023","4.978,00","5.040,00","5.050,00","4.975,50","3,30M","-1,63%"
"26.04.2023","5.060,26","5.050,00","5.075,00","5.037,00","2,90M","-0,26%"
"25.04.2023","5.073,42","5.050,50","5.087,00","5.033,00","3,06M","0,55%"
"24.04.2023","5.045,75","5.074,00","5.090,50","5.042,50","2,52M","-0,13%"
"20.04.2023","5.052,12","5.091,50","5.092,50","5.042,00","2,44M","-0,69%"
"19.04.2023","5.086,97","5.019,50","5.078,50","5.012,50","3,28M","1,82%"
"18.04.2023","4.996,11","4.927,50","4.998,50","4.918,50","3,11M","1,20%"
"17.04.2023","4.936,76","4.930,00","4.967,00","4.909,00","2,56M","0,15%"
"14.04.2023","4.929,39","4.947,50","4.975,50","4.902,50","2,82M","-0,22%"
"13.04.2023","4.940,08","4.936,00","4.952,00","4.905,50","3,17M","-0,19%"
"12.04.2023","4.949,52","5.026,50","5.028,00","4.929,00","3,66M","-1,40%"
"11.04.2023","5.019,61","5.070,00","5.075,50","5.003,00","3,16M","-1,45%"
"10.04.2023","5.093,25","5.074,00","5.109,50","5.055,50","2,08M","0,37%"
"06.04.2023","5.074,27","5.063,00","5.101,50","5.058,50","2,12M","-0,12%"
"05.04.2023","5.080,17","5.092,00","5.097,50","5.031,50","2,86M","-0,53%"
"04.04.2023","5.107,30","5.074,00","5.120,00","5.071,50","2,55M","0,14%"
"03.04.2023","5.100,34","5.078,50","5.099,50","5.063,00","2,55M","0,39%"
"31.03.2023","5.080,40","5.105,00","5.111,00","5.060,00","225,87K","-0,38%"
"30.03.2023","5.100,03","5.106,00","5.162,50","5.070,00","3,63M","-1,08%"
"29.03.2023","5.155,91","5.166,00","5.185,00","5.133,50","3,27M","-0,33%"
"28.03.2023","5.172,83","5.199,00","5.199,00","5.151,00","2,96M","-0,91%"
"27.03.2023","5.220,40","5.256,00","5.257,00","5.220,50","2,10M","-0,79%"
"24.03.2023","5.261,75","5.330,00","5.349,00","5.246,00","3,34M","-0,71%"
"23.03.2023","5.299,11","5.215,50","5.294,00","5.212,00","3,30M","1,42%"
"22.03.2023","5.224,76","5.256,50","5.289,00","5.236,50","3,18M","-0,41%"
"21.03.2023","5.246,26","5.236,50","5.266,00","5.228,00","2,45M","-0,24%"
"20.03.2023","5.259,00","5.286,00","5.297,50","5.246,00","2,46M","-0,59%"
"17.03.2023","5.290,04","5.255,00","5.300,00","5.247,50","2,34M","0,56%"
"16.03.2023","5.260,83","5.295,00","5.329,00","5.242,00","3,30M","-0,99%"
"15.03.2023","5.313,35","5.325,00","5.347,00","5.289,00","3,75M","0,83%"
"14.03.2023","5.269,73","5.256,00","5.281,00","5.239,50","3,11M","-0,06%"
"13.03.2023","5.272,79","5.236,50","5.303,50","5.232,00","3,97M","0,65%"
"10.03.2023","5.238,85","5.175,00","5.245,00","5.175,00","3,52M","1,69%"
"09.03.2023","5.151,73","5.159,00","5.194,50","5.133,50","3,34M","-0,36%"
"08.03.2023","5.170,60","5.208,50","5.212,00","5.126,00","3,41M","-1,06%"
"07.03.2023","5.226,25","5.196,50","5.233,00","5.182,00","2,69M","0,47%"
"06.03.2023","5.201,72","5.238,00","5.247,00","5.180,50","2,58M","-0,58%"
"03.03.2023","5.231,88","5.225,50","5.261,00","5.213,50","2,54M","0,04%"
"02.03.2023","5.230,01","5.225,00","5.260,50","5.213,00","2,96M","0,02%"
"01.03.2023","5.228,88","5.252,50","5.264,00","5.207,00","3,06M","0,40%"
"28.02.2023","5.207,80","5.195,00","5.224,00","5.185,50","152,82K","0,37%"
"27.02.2023","5.188,40","5.192,00","5.215,00","5.172,50","3,27M","-0,40%"
"24.02.2023","5.209,05","5.162,50","5.219,50","5.151,50","2,89M","1,28%"
"23.02.2023","5.143,20","5.148,00","5.181,00","5.115,50","3,13M","-0,51%"
"22.02.2023","5.169,73","5.192,00","5.219,00","5.157,50","1,80M","0,04%"
"17.02.2023","5.167,81","5.243,50","5.262,00","5.157,50","2,94M","-0,99%"
"16.02.2023","5.219,61","5.215,00","5.270,50","5.206,50","3,40M","-0,17%"
"15.02.2023","5.228,70","5.209,50","5.249,50","5.201,00","3,31M","0,23%"
"14.02.2023","5.216,84","5.167,00","5.240,00","5.140,00","4,29M","0,53%"
"13.02.2023","5.189,38","5.238,00","5.242,50","5.170,00","2,95M","-1,02%"
"10.02.2023","5.242,79","5.321,00","5.323,50","5.224,00","3,02M","-0,62%"
"09.02.2023","5.275,42","5.200,00","5.309,50","5.189,00","3,96M","1,17%"
"08.02.2023","5.214,33","5.210,00","5.262,50","5.183,00","3,23M","-0,07%"
"07.02.2023","5.218,01","5.160,00","5.237,00","5.151,00","3,62M","0,29%"
"06.02.2023","5.202,94","5.181,50","5.233,50","5.158,50","3,30M","0,96%"
"03.02.2023","5.153,32","5.119,50","5.184,00","5.070,50","3,53M","1,91%"
"02.02.2023","5.056,57","5.053,00","5.079,00","4.963,50","3,94M","-1,09%"
"01.02.2023","5.112,55","5.085,00","5.135,50","5.066,50","3,46M","0,26%"
"31.01.2023","5.099,30","5.140,00","5.141,00","5.093,00","211,75K","-0,31%"
"30.01.2023","5.115,35","5.123,00","5.136,00","5.085,00","2,77M","0,13%"
"27.01.2023","5.108,55","5.092,50","5.120,50","5.060,00","2,96M","0,64%"
"26.01.2023","5.076,12","5.079,00","5.123,00","5.064,00","3,38M","-0,09%"
"25.01.2023","5.080,85","5.157,50","5.158,50","5.074,50","3,16M","-1,51%"
"24.01.2023","5.158,76","5.221,00","5.228,50","5.142,50","2,59M","-0,82%"
"23.01.2023","5.201,25","5.220,50","5.230,50","5.173,50","3,04M","-0,09%"
"20.01.2023","5.206,08","5.185,50","5.250,50","5.176,00","3,08M","0,27%"
"19.01.2023","5.191,90","5.260,00","5.269,00","5.176,50","3,40M","0,37%"
"18.01.2023","5.172,54","5.106,00","5.202,50","5.078,00","3,54M","0,98%"
"17.01.2023","5.122,26","5.169,50","5.173,50","5.110,50","2,73M","-0,82%"
"16.01.2023","5.164,37","5.139,00","5.179,00","5.110,00","2,11M","1,02%"
"13.01.2023","5.112,19","5.129,50","5.172,50","5.096,00","2,87M","0,23%"
"12.01.2023","5.100,60","5.188,00","5.206,50","5.088,00","4,02M","-1,89%"
"11.01.2023","5.198,60","5.224,50","5.256,00","5.181,00","3,19M","-0,67%"
"10.01.2023","5.233,71","5.281,00","5.300,00","5.221,00","2,76M","-0,90%"
"09.01.2023","5.281,48","5.305,00","5.334,00","5.271,50","3,05M","0,22%"
"06.01.2023","5.269,64","5.390,00","5.397,50","5.245,00","3,34M","-2,29%"
"05.01.2023","5.393,02","5.454,00","5.459,50","5.378,00","3,02M","-1,51%"
"04.01.2023","5.475,84","5.475,00","5.509,00","5.455,50","3,17M","-0,05%"
"03.01.2023","5.478,72","5.423,00","5.509,50","5.370,50","3,42M","1,64%"
"02.01.2023","5.390,28","5.327,00","5.400,00","5.320,50","1,79M","3,31%"
"29.12.2022","5.217,70","5.256,50","5.268,50","5.194,00","174,17K","-0,62%"
"28.12.2022","5.250,33","5.266,50","5.289,50","5.228,50","2,27M","-0,55%"
"27.12.2022","5.279,29","5.196,50","5.303,50","5.195,00","2,75M","1,44%"
"26.12.2022","5.204,45","5.161,50","5.226,50","5.155,50","1,05M","0,68%"
"23.12.2022","5.169,54","5.178,00","5.183,00","5.121,00","2,35M","-0,50%"
"22.12.2022","5.195,68","5.215,00","5.231,50","5.165,50","2,80M","-0,25%"
"21.12.2022","5.208,84","5.209,00","5.228,00","5.166,50","3,18M","-0,18%"
"20.12.2022","5.218,39","5.308,00","5.335,50","5.185,00","3,69M","-1,85%"
"19.12.2022","5.316,70","5.350,00","5.353,00","5.302,00","2,70M","0,09%"
"16.12.2022","5.311,79","5.332,00","5.347,50","5.278,00","2,74M","-0,25%"
"15.12.2022","5.325,10","5.347,50","5.365,50","5.298,50","3,28M","-0,02%"
"14.12.2022","5.326,13","5.334,50","5.390,50","5.291,50","3,75M","0,18%"
"13.12.2022","5.316,43","5.341,50","5.356,00","5.262,00","3,73M","-0,49%"
"12.12.2022","5.342,35","5.262,50","5.372,50","5.254,00","3,21M","1,32%"
"09.12.2022","5.272,68","5.254,00","5.307,00","5.240,00","2,52M","0,70%"
"08.12.2022","5.235,86","5.254,50","5.277,00","5.216,00","2,76M","0,18%"
"07.12.2022","5.226,70","5.291,00","5.303,00","5.208,00","3,28M","-1,17%"
"06.12.2022","5.288,63","5.301,00","5.301,50","5.246,00","3,28M","-0,26%"
"05.12.2022","5.302,21","5.234,50","5.320,00","5.229,50","2,67M","1,05%"
"02.12.2022","5.246,96","5.214,00","5.271,00","5.193,00","2,95M","0,40%"
"01.12.2022","5.226,21","5.222,00","5.247,50","5.194,00","3,27M","-1,28%"
"30.11.2022","5.294,10","5.260,50","5.317,00","5.243,50","218,65K","0,20%"
"29.11.2022","5.283,52","5.330,00","5.336,50","5.270,50","3,02M","-1,58%"
"28.11.2022","5.368,15","5.427,00","5.435,50","5.351,50","2,72M","-0,95%"
"25.11.2022","5.419,57","5.323,50","5.430,00","5.310,00","3,15M","1,99%"
"24.11.2022","5.313,84","5.324,00","5.348,00","5.307,00","2,22M","-1,65%"
"23.11.2022","5.402,87","5.352,50","5.420,00","5.352,00","3,36M","0,62%"
"22.11.2022","5.369,36","5.321,00","5.408,50","5.290,50","3,70M","0,91%"
"21.11.2022","5.320,97","5.398,00","5.399,00","5.310,00","3,56M","-1,26%"
"18.11.2022","5.388,79","5.401,00","5.411,00","5.343,00","3,94M","-1,49%"
"17.11.2022","5.470,38","5.514,50","5.548,00","5.403,50","4,21M","1,21%"
"16.11.2022","5.404,80","5.360,00","5.427,00","5.304,50","4,45M","1,32%"
"14.11.2022","5.334,41","5.359,50","5.374,50","5.279,00","3,81M","-0,37%"
"11.11.2022","5.354,35","5.360,00","5.426,50","5.269,00","4,15M","-0,71%"
"10.11.2022","5.392,58","5.264,50","5.435,50","5.262,50","5,27M","3,97%"
"09.11.2022","5.186,79","5.193,50","5.220,00","5.156,00","3,58M","0,31%"
"08.11.2022","5.170,63","5.200,00","5.270,00","5.152,00","4,05M","0,56%"
"07.11.2022","5.141,63","5.086,50","5.199,00","5.070,00","3,58M","1,81%"
"04.11.2022","5.050,37","5.090,00","5.145,00","5.044,00","3,77M","-1,80%"
"03.11.2022","5.142,79","5.220,00","5.254,00","5.115,00","4,09M","0,20%"
"01.11.2022","5.132,28","5.179,50","5.238,50","5.115,00","4,77M","-2,37%"
"31.10.2022","5.257,00","5.400,00","5.411,00","5.244,00","381,69K","-1,22%"
"28.10.2022","5.322,00","5.352,50","5.384,00","5.281,50","3,30M","0,14%"
"27.10.2022","5.314,58","5.393,50","5.396,00","5.244,50","4,14M","-1,00%"
"26.10.2022","5.368,02","5.297,00","5.391,00","5.284,00","3,77M","0,86%"
"25.10.2022","5.322,29","5.298,50","5.362,50","5.281,00","4,11M","0,68%"
"24.10.2022","5.286,37","5.209,50","5.316,50","5.207,50","4,16M","2,18%"
"21.10.2022","5.173,49","5.247,00","5.286,00","5.149,50","4,62M","-1,06%"
"20.10.2022","5.228,87","5.261,00","5.269,00","5.204,00","3,57M","-1,13%"
"19.10.2022","5.288,64","5.290,00","5.311,50","5.267,00","3,37M","0,12%"
"18.10.2022","5.282,30","5.286,50","5.312,00","5.246,50","3,69M","-0,42%"
"17.10.2022","5.304,79","5.290,00","5.319,50","5.269,50","3,11M","-0,79%"
"14.10.2022","5.347,27","5.297,00","5.353,00","5.259,50","3,74M","1,32%"
"13.10.2022","5.277,62","5.280,00","5.403,00","5.250,50","4,41M","-0,31%"
"11.10.2022","5.294,05","5.205,00","5.327,50","5.202,00","3,70M","1,55%"
"10.10.2022","5.213,00","5.215,00","5.241,50","5.187,50","3,08M","-0,46%"
"07.10.2022","5.237,00","5.234,50","5.277,00","5.218,50","3,34M","0,13%"
"06.10.2022","5.230,09","5.225,50","5.258,50","5.202,00","3,73M","0,54%"
"05.10.2022","5.202,00","5.248,50","5.274,00","5.191,50","3,78M","0,08%"
"04.10.2022","5.197,71","5.180,00","5.254,00","5.144,00","4,44M","-0,03%"
"03.10.2022","5.199,42","5.300,00","5.347,50","5.188,50","4,20M","-3,83%"
"30.09.2022","5.406,60","5.390,00","5.414,00","5.377,00","237,06K","0,01%"
"29.09.2022","5.406,12","5.392,00","5.432,00","5.375,50","3,92M","1,06%"
"28.09.2022","5.349,57","5.414,00","5.426,50","5.325,50","4,63M","-0,33%"
"27.09.2022","5.367,02","5.353,00","5.392,00","5.301,50","4,24M","-0,58%"
"26.09.2022","5.398,08","5.300,00","5.424,00","5.300,00","4,96M","2,45%"
"23.09.2022","5.268,75","5.179,00","5.276,00","5.177,00","3,63M","2,63%"
"22.09.2022","5.133,54","5.140,50","5.196,00","5.116,00","3,86M","-0,31%"
"21.09.2022","5.149,27","5.154,50","5.206,00","5.131,00","4,69M","-0,22%"
"20.09.2022","5.160,49","5.225,00","5.237,00","5.154,50","4,05M","-0,54%"
"19.09.2022","5.188,45","5.312,00","5.319,00","5.158,00","3,89M","-1,74%"
"16.09.2022","5.280,27","5.270,00","5.329,00","5.267,00","3,46M","0,39%"
"15.09.2022","5.259,71","5.199,50","5.271,50","5.198,50","3,20M","1,15%"
"14.09.2022","5.199,97","5.212,50","5.222,00","5.173,50","3,29M","-0,30%"
"13.09.2022","5.215,75","5.111,00","5.233,50","5.103,00","4,43M","2,00%"
"12.09.2022","5.113,57","5.143,00","5.165,50","5.110,50","3,16M","-1,36%"
"09.09.2022","5.183,84","5.212,00","5.233,00","5.171,50","2,84M","-1,09%"
"08.09.2022","5.241,10","5.242,00","5.270,50","5.210,50","4,10M","-0,54%"
"06.09.2022","5.269,58","5.202,00","5.287,00","5.197,50","3,48M","1,48%"
"05.09.2022","5.192,98","5.218,00","5.226,00","5.186,00","2,28M","-0,18%"
"02.09.2022","5.202,18","5.261,00","5.272,50","5.194,00","4,06M","-1,34%"
"01.09.2022","5.272,96","5.245,00","5.296,00","5.185,50","4,50M","1,81%"
"31.08.2022","5.179,00","5.130,00","5.186,50","5.130,00","474,52K","1,33%"
"30.08.2022","5.110,82","5.017,50","5.128,00","5.012,00","4,05M","1,76%"
"29.08.2022","5.022,54","5.086,00","5.096,00","5.014,00","3,92M","-0,88%"
"26.08.2022","5.067,20","5.118,00","5.124,50","5.061,00","4,16M","-1,27%"
"25.08.2022","5.132,49","5.101,00","5.152,00","5.095,00","3,49M","0,12%"
"24.08.2022","5.126,35","5.122,00","5.134,00","5.092,50","3,41M","0,16%"
"23.08.2022","5.118,04","5.144,50","5.166,00","5.083,50","3,42M","-1,01%"
"22.08.2022","5.170,15","5.198,50","5.219,50","5.165,50","3,27M","-0,65%"
"19.08.2022","5.204,06","5.219,00","5.237,00","5.183,00","3,46M","-0,09%"
"18.08.2022","5.208,92","5.184,50","5.226,00","5.147,50","3,30M","0,37%"
"17.08.2022","5.189,54","5.200,00","5.235,50","5.168,00","3,72M","0,41%"
"16.08.2022","5.168,39","5.143,50","5.178,00","5.135,00","3,27M","0,87%"
"15.08.2022","5.123,66","5.138,50","5.166,00","5.100,00","3,21M","0,47%"
"12.08.2022","5.099,44","5.182,50","5.192,50","5.092,00","3,39M","-1,85%"
"11.08.2022","5.195,34","5.110,00","5.200,50","5.090,00","4,16M","1,42%"
"10.08.2022","5.122,73","5.147,50","5.179,00","5.065,50","4,01M","-1,10%"
"09.08.2022","5.179,89","5.154,50","5.185,00","5.126,00","3,46M","0,59%"
"08.08.2022","5.149,46","5.181,00","5.186,00","5.139,00","3,26M","-1,19%"
"05.08.2022","5.211,59","5.263,50","5.316,00","5.194,00","4,29M","-0,76%"
"04.08.2022","5.251,53","5.327,50","5.336,50","5.240,00","3,63M","-1,43%"
"03.08.2022","5.327,63","5.293,00","5.358,50","5.287,00","3,60M","0,14%"
"02.08.2022","5.320,41","5.247,50","5.329,50","5.234,00","4,29M","1,68%"
"01.08.2022","5.232,71","5.204,00","5.249,00","5.175,50","3,66M","0,85%"
"29.07.2022","5.188,40","5.172,00","5.207,50","5.145,50","343,81K","0,27%"
"28.07.2022","5.174,34","5.265,50","5.276,00","5.161,00","4,05M","-1,71%"
"27.07.2022","5.264,24","5.342,50","5.354,00","5.241,00","4,02M","-1,89%"
"26.07.2022","5.365,76","5.390,00","5.399,00","5.341,00","3,94M","-0,24%"
"25.07.2022","5.378,66","5.481,50","5.487,00","5.364,00","3,62M","-2,37%"
"22.07.2022","5.508,99","5.494,00","5.515,00","5.445,50","3,23M","-0,07%"
"21.07.2022","5.512,91","5.477,00","5.527,00","5.442,50","3,94M","0,75%"
"20.07.2022","5.471,73","5.448,50","5.487,50","5.404,50","3,93M","0,95%"
"19.07.2022","5.420,27","5.428,00","5.448,50","5.383,00","3,51M","-0,32%"
"18.07.2022","5.437,52","5.395,00","5.459,00","5.372,00","3,23M","0,35%"
"15.07.2022","5.418,42","5.432,00","5.471,00","5.397,00","3,17M","-0,78%"
"14.07.2022","5.460,97","5.500,00","5.515,00","5.439,00","3,73M","0,93%"
"13.07.2022","5.410,40","5.447,00","5.492,50","5.389,50","3,87M","-0,94%"
"12.07.2022","5.461,93","5.409,00","5.472,00","5.400,00","3,16M","1,18%"
"11.07.2022","5.398,25","5.343,00","5.417,50","5.329,50","3,08M","1,71%"
"08.07.2022","5.307,74","5.392,00","5.403,00","5.283,50","3,55M","-1,42%"
"07.07.2022","5.384,11","5.443,00","5.451,00","5.366,00","3,01M","-1,33%"
"06.07.2022","5.456,83","5.442,00","5.500,00","5.431,00","3,59M","0,35%"
"05.07.2022","5.438,00","5.395,00","5.443,50","5.388,50","3,24M","1,37%"
"04.07.2022","5.364,40","5.342,50","5.375,50","5.329,00","2,03M","0,35%"
"01.07.2022","5.345,54","5.325,00","5.380,00","5.320,00","3,38M","2,05%"
"30.06.2022","5.238,00","5.211,50","5.263,50","5.211,00","298,84K","0,64%"
"29.06.2022","5.204,91","5.256,00","5.260,00","5.179,50","3,65M","-1,34%"
"28.06.2022","5.275,83","5.240,50","5.285,00","5.193,50","3,61M","0,78%"
"27.06.2022","5.235,20","5.250,00","5.284,00","5.210,50","3,21M","-0,69%"
"24.06.2022","5.271,69","5.240,00","5.286,00","5.215,00","3,22M","0,58%"
"23.06.2022","5.241,55","5.208,50","5.260,00","5.178,50","3,64M","1,27%"
"22.06.2022","5.175,75","5.181,50","5.210,00","5.141,50","3,33M","0,21%"
"21.06.2022","5.165,03","5.194,00","5.202,00","5.134,00","3,20M","-0,61%"
"20.06.2022","5.196,50","5.167,50","5.213,00","5.155,00","2,68M","0,85%"
"17.06.2022","5.152,48","5.135,00","5.176,00","5.124,50","3,30M","1,29%"
"15.06.2022","5.086,85","5.119,00","5.156,50","5.039,50","4,66M","-1,54%"
"14.06.2022","5.166,34","5.139,00","5.177,50","5.110,50","3,72M","0,60%"
"13.06.2022","5.135,39","5.066,00","5.165,50","5.058,00","4,16M","2,50%"
"10.06.2022","5.010,14","4.936,50","5.041,50","4.914,00","3,83M","1,60%"
"09.06.2022","4.931,08","4.928,50","4.952,00","4.897,50","3,48M","0,24%"
"08.06.2022","4.919,13","4.910,50","4.940,50","4.880,00","3,34M","0,31%"
"07.06.2022","4.903,71","4.832,00","4.969,00","4.832,00","4,34M","1,42%"
"06.06.2022","4.835,11","4.795,00","4.843,00","4.785,00","2,63M","0,25%"
"03.06.2022","4.822,92","4.860,00","4.870,00","4.810,00","2,66M","-0,12%"
"02.06.2022","4.828,92","4.830,00","4.849,50","4.811,50","3,08M","-0,10%"
"01.06.2022","4.833,69","4.774,50","4.859,50","4.762,00","3,50M","2,22%"
"31.05.2022","4.728,90","4.768,00","4.779,00","4.712,50","244,79K","-0,47%"
"30.05.2022","4.751,17","4.714,50","4.758,00","4.692,50","2,37M","0,24%"
"27.05.2022","4.739,96","4.765,50","4.784,00","4.717,00","3,15M","-0,36%"
"26.05.2022","4.757,28","4.819,00","4.848,00","4.754,50","3,35M","-1,41%"
"25.05.2022","4.825,16","4.850,00","4.872,00","4.812,50","3,23M","-0,07%"
"24.05.2022","4.828,50","4.848,00","4.864,50","4.785,00","4,11M","0,18%"
"23.05.2022","4.819,92","4.855,00","4.863,00","4.797,00","2,96M","-1,19%"
"20.05.2022","4.877,90","4.919,00","4.936,50","4.867,00","3,54M","-0,64%"
"19.05.2022","4.909,09","4.955,00","4.974,50","4.895,50","3,62M","-1,95%"
"18.05.2022","5.006,56","4.973,50","5.018,50","4.940,50","3,46M","0,89%"
"17.05.2022","4.962,29","5.025,00","5.031,00","4.947,50","3,90M","-2,07%"
"16.05.2022","5.067,40","5.104,00","5.128,00","5.054,50","3,74M","-0,19%"
"13.05.2022","5.077,25","5.149,50","5.176,00","5.071,50","3,48M","-1,94%"
"12.05.2022","5.177,64","5.201,50","5.238,50","5.134,00","4,03M","0,36%"
"11.05.2022","5.158,90","5.130,00","5.203,00","5.123,50","4,05M","0,04%"
"10.05.2022","5.156,80","5.190,50","5.200,00","5.143,00","3,66M","-0,44%"
"09.05.2022","5.179,45","5.180,00","5.198,00","5.137,50","3,55M","1,23%"
"06.05.2022","5.116,33","5.063,00","5.152,50","5.045,00","4,02M","1,00%"
"05.05.2022","5.065,55","4.989,50","5.098,00","4.971,50","3,98M","2,19%"
"04.05.2022","4.956,85","5.010,00","5.078,50","4.934,00","4,43M","-1,00%"
"03.05.2022","5.006,95","5.085,00","5.097,00","5.000,50","3,87M","-2,38%"
"02.05.2022","5.128,97","5.010,00","5.139,50","5.009,50","3,64M","4,27%"
"29.04.2022","4.919,10","4.905,00","4.930,00","4.858,50","346,37K","-0,96%"
"28.04.2022","4.966,92","4.988,50","5.047,50","4.938,00","3,85M","0,18%"
"27.04.2022","4.958,11","4.992,50","5.044,50","4.932,00","4,83M","-0,55%"
"26.04.2022","4.985,66","4.912,00","5.010,00","4.898,00","4,12M","2,25%"
"25.04.2022","4.876,07","4.826,00","4.957,50","4.811,00","4,61M","0,72%"
"22.04.2022","4.841,31","4.692,00","4.849,00","4.681,00","4,47M","4,54%"
"20.04.2022","4.630,95","4.660,50","4.692,00","4.620,00","3,19M","-1,22%"
"19.04.2022","4.687,95","4.680,00","4.699,50","4.653,50","3,26M","0,41%"
"18.04.2022","4.669,01","4.703,00","4.724,50","4.660,00","2,87M","-0,97%"
"14.04.2022","4.714,73","4.714,50","4.759,00","4.705,00","3,26M","0,25%"
"13.04.2022","4.703,03","4.691,50","4.725,50","4.672,00","3,08M","0,09%"
"12.04.2022","4.698,78","4.701,00","4.717,00","4.643,00","3,59M","-0,14%"
"11.04.2022","4.705,55","4.737,50","4.764,00","4.702,00","3,38M","-0,57%"
"08.04.2022","4.732,65","4.769,00","4.819,00","4.718,50","3,38M","-0,89%"
"07.04.2022","4.775,08","4.735,00","4.800,00","4.717,00","3,45M","0,82%"
"06.04.2022","4.736,39","4.680,50","4.755,50","4.675,00","3,46M","1,07%"
"05.04.2022","4.686,25","4.626,00","4.705,00","4.613,00","3,38M","0,85%"
"04.04.2022","4.646,63","4.690,50","4.708,50","4.622,00","2,75M","-1,14%"
"01.04.2022","4.700,19","4.770,00","4.770,50","4.688,00","3,02M","-0,79%"
"31.03.2022","4.737,80","4.776,50","4.797,00","4.737,00","348,15K","-0,75%"
"30.03.2022","4.773,51","4.765,00","4.794,00","4.729,00","3,20M","0,15%"
"29.03.2022","4.766,51","4.743,50","4.788,50","4.721,00","3,81M","-0,15%"
"28.03.2022","4.773,76","4.747,00","4.825,50","4.740,00","3,45M","0,32%"
"25.03.2022","4.758,57","4.831,00","4.833,00","4.738,00","2,96M","-1,63%"
"24.03.2022","4.837,38","4.844,50","4.869,50","4.775,00","4,24M","-0,32%"
"23.03.2022","4.852,94","4.931,50","4.933,50","4.832,00","3,58M","-1,64%"
"22.03.2022","4.933,78","4.950,00","4.965,50","4.919,00","3,34M","-0,55%"
"21.03.2022","4.961,10","5.046,50","5.048,00","4.947,00","3,14M","-1,33%"
"18.03.2022","5.028,02","5.069,00","5.094,50","5.012,00","3,00M","-0,59%"
"17.03.2022","5.057,98","5.096,00","5.128,50","5.048,50","3,32M","-1,37%"
"16.03.2022","5.128,22","5.162,00","5.179,50","5.095,00","3,77M","-1,10%"
"15.03.2022","5.185,13","5.133,00","5.195,00","5.118,50","2,91M","0,48%"
"14.03.2022","5.160,13","5.084,50","5.166,00","5.064,50","3,03M","1,53%"
"11.03.2022","5.082,29","5.030,50","5.111,50","5.013,00","2,82M","0,68%"
"10.03.2022","5.048,19","5.059,00","5.106,50","5.041,00","3,01M","0,19%"
"09.03.2022","5.038,63","5.060,00","5.069,00","5.018,00","3,27M","-1,24%"
"08.03.2022","5.102,00","5.121,00","5.135,50","5.079,50","4,08M","-0,42%"
"07.03.2022","5.123,65","5.114,50","5.152,00","5.066,50","3,90M","0,17%"
"04.03.2022","5.114,85","5.089,50","5.139,00","5.064,50","3,63M","1,00%"
"03.03.2022","5.064,02","5.151,00","5.157,50","5.061,50","3,68M","-1,90%"
"02.03.2022","5.162,01","5.268,00","5.268,00","5.125,50","2,10M","0,44%"
"25.02.2022","5.139,40","5.113,00","5.140,00","5.078,00","288,12K","0,03%"
"24.02.2022","5.137,73","5.060,00","5.166,00","5.037,00","4,82M","2,71%"
"23.02.2022","5.002,30","5.050,50","5.055,50","4.997,50","3,48M","-1,37%"
"22.02.2022","5.071,57","5.102,00","5.106,50","5.050,00","3,34M","-0,65%"
"21.02.2022","5.104,68","5.140,50","5.163,00","5.081,50","2,67M","-0,79%"
"18.02.2022","5.145,37","5.176,00","5.178,00","5.113,00","3,09M","-0,70%"
"17.02.2022","5.181,68","5.165,00","5.193,50","5.138,00","2,65M","0,48%"
"16.02.2022","5.156,81","5.175,00","5.192,00","5.136,50","3,20M","-0,77%"
"15.02.2022","5.196,96","5.211,50","5.234,00","5.174,50","2,69M","-0,77%"
"14.02.2022","5.237,18","5.272,50","5.285,00","5.213,50","3,09M","-0,29%"
"11.02.2022","5.252,53","5.252,50","5.286,00","5.201,00","3,64M","-0,11%"
"10.02.2022","5.258,41","5.257,50","5.278,00","5.194,00","3,86M","0,30%"
"09.02.2022","5.242,73","5.275,00","5.315,00","5.237,50","3,02M","-0,96%"
"08.02.2022","5.293,39","5.295,00","5.316,00","5.277,50","2,53M","-0,06%"
"07.02.2022","5.296,62","5.345,00","5.352,00","5.278,50","2,65M","-1,13%"
"04.02.2022","5.356,88","5.329,50","5.381,00","5.311,50","2,63M","0,50%"
"03.02.2022","5.330,39","5.308,00","5.356,00","5.304,50","2,99M","0,21%"
"02.02.2022","5.319,06","5.300,00","5.350,00","5.290,50","2,87M","0,15%"
"01.02.2022","5.311,06","5.334,00","5.354,00","5.301,50","2,93M","-0,87%"
"31.01.2022","5.357,40","5.367,50","5.398,00","5.356,50","271,46K","-0,62%"
"28.01.2022","5.390,64","5.430,00","5.435,00","5.368,00","3,08M","-0,79%"
"27.01.2022","5.433,50","5.435,00","5.439,00","5.356,00","4,03M","0,41%"
"26.01.2022","5.411,08","5.433,00","5.472,50","5.397,00","3,56M","-0,76%"
"25.01.2022","5.452,52","5.506,00","5.528,50","5.435,00","2,95M","-1,02%"
"24.01.2022","5.508,92","5.487,00","5.533,50","5.476,50","3,33M","0,83%"
"21.01.2022","5.463,61","5.451,00","5.485,00","5.413,00","3,11M","1,14%"
"20.01.2022","5.402,28","5.460,00","5.474,00","5.390,00","3,29M","-1,46%"
"19.01.2022","5.482,36","5.560,00","5.567,00","5.451,50","3,35M","-1,94%"
"18.01.2022","5.590,84","5.551,50","5.599,00","5.521,00","2,85M","0,91%"
"17.01.2022","5.540,24","5.555,00","5.559,00","5.512,50","1,91M","-0,13%"
"14.01.2022","5.547,73","5.550,00","5.571,50","5.527,00","2,50M","0,18%"
"13.01.2022","5.537,57","5.573,00","5.577,00","5.521,00","3,04M","-0,38%"
"12.01.2022","5.558,63","5.604,50","5.624,50","5.542,50","3,17M","-0,99%"
"11.01.2022","5.614,20","5.679,50","5.701,00","5.588,50","3,04M","-1,62%"
"10.01.2022","5.706,75","5.673,50","5.720,00","5.657,50","2,26M","0,76%"
"07.01.2022","5.663,57","5.711,50","5.740,00","5.648,50","2,50M","-0,97%"
"06.01.2022","5.718,86","5.727,00","5.757,00","5.701,50","2,49M","0,04%"
"05.01.2022","5.716,50","5.715,00","5.757,00","5.675,50","2,78M","-0,13%"
"04.01.2022","5.723,90","5.704,50","5.746,50","5.672,50","2,68M","0,44%"
"03.01.2022","5.698,93","5.609,50","5.729,00","5.595,00","2,35M","2,12%"
"30.12.2021","5.580,50","5.702,00","5.704,00","5.562,50","323,11K","-1,98%"
"29.12.2021","5.693,37","5.638,50","5.712,00","5.624,50","1,87M","1,00%"
"28.12.2021","5.636,84","5.622,00","5.664,50","5.620,00","1,99M","-0,07%"
"27.12.2021","5.640,75","5.670,50","5.711,00","5.626,50","1,91M","-0,52%"
"23.12.2021","5.670,26","5.665,00","5.726,00","5.635,50","2,68M","-0,19%"
"22.12.2021","5.681,02","5.744,50","5.752,00","5.655,00","2,33M","-1,25%"
"21.12.2021","5.753,08","5.734,50","5.768,00","5.722,00","2,28M","0,13%"
"20.12.2021","5.745,82","5.724,50","5.759,50","5.702,00","2,41M","0,87%"
"17.12.2021","5.696,49","5.701,50","5.731,50","5.676,50","2,42M","0,18%"
"16.12.2021","5.686,44","5.688,00","5.743,50","5.677,50","3,05M","-0,96%"
"15.12.2021","5.741,60","5.700,50","5.755,50","5.679,50","3,37M","0,43%"
"14.12.2021","5.717,08","5.686,50","5.720,00","5.640,00","2,79M","0,53%"
"13.12.2021","5.687,01","5.629,00","5.705,00","5.624,50","2,95M","0,79%"
"10.12.2021","5.642,20","5.585,00","5.660,00","5.584,00","2,91M","0,49%"
"09.12.2021","5.614,44","5.564,00","5.625,50","5.545,00","2,71M","0,85%"
"08.12.2021","5.567,26","5.634,00","5.664,50","5.554,00","3,10M","-1,59%"
"07.12.2021","5.657,15","5.697,00","5.703,50","5.638,50","3,04M","-1,20%"
"06.12.2021","5.725,65","5.676,00","5.734,00","5.667,00","2,56M","0,70%"
"03.12.2021","5.685,73","5.685,00","5.718,50","5.633,00","3,06M","0,01%"
"02.12.2021","5.685,29","5.700,50","5.714,50","5.648,00","3,05M","-0,27%"
"01.12.2021","5.700,67","5.620,00","5.733,00","5.612,50","2,87M","1,44%"
"30.11.2021","5.619,90","5.614,00","5.620,50","5.590,00","175,93K","0,21%"
"29.11.2021","5.608,01","5.600,00","5.641,50","5.581,00","2,71M","0,35%"
"26.11.2021","5.588,31","5.668,00","5.670,00","5.575,50","2,83M","0,14%"
"25.11.2021","5.580,72","5.591,50","5.603,50","5.552,50","1,94M","-0,23%"
"24.11.2021","5.593,81","5.583,00","5.628,00","5.560,00","2,83M","-0,40%"
"23.11.2021","5.616,33","5.615,00","5.669,50","5.572,50","3,13M","0,03%"
"22.11.2021","5.614,81","5.611,50","5.623,00","5.572,00","2,89M","-0,02%"
"19.11.2021","5.615,66","5.589,00","5.624,50","5.531,00","3,00M","0,58%"
"18.11.2021","5.583,35","5.537,00","5.590,00","5.536,50","2,64M","0,73%"
"17.11.2021","5.542,66","5.500,00","5.549,50","5.479,00","2,65M","0,56%"
"16.11.2021","5.511,97","5.460,50","5.524,00","5.444,50","3,06M","0,70%"
"12.11.2021","5.473,76","5.420,00","5.485,00","5.410,50","2,93M","0,95%"
"11.11.2021","5.422,09","5.502,00","5.504,50","5.406,00","2,88M","-1,62%"
"10.11.2021","5.511,22","5.524,00","5.530,00","5.454,00","3,57M","0,28%"
"09.11.2021","5.495,84","5.570,50","5.571,50","5.476,00","3,09M","-1,43%"
"08.11.2021","5.575,66","5.581,50","5.621,00","5.559,00","2,49M","0,66%"
"05.11.2021","5.539,37","5.624,00","5.633,00","5.527,50","2,94M","-1,93%"
"04.11.2021","5.648,52","5.596,50","5.654,50","5.590,00","3,12M","0,60%"
"03.11.2021","5.614,96","5.703,00","5.728,00","5.573,50","3,73M","-1,50%"
"01.11.2021","5.700,50","5.658,50","5.719,00","5.652,50","2,29M","1,02%"
"29.10.2021","5.643,00","5.654,50","5.657,50","5.620,50","252,15K","0,51%"
"28.10.2021","5.614,36","5.556,00","5.665,50","5.552,00","3,81M","0,87%"
"27.10.2021","5.565,91","5.573,00","5.596,00","5.539,50","3,53M","-0,13%"
"26.10.2021","5.573,29","5.558,00","5.611,50","5.552,50","3,18M","0,42%"
"25.10.2021","5.549,83","5.661,00","5.667,00","5.543,00","3,43M","-1,90%"
"22.10.2021","5.657,47","5.690,00","5.762,00","5.629,00","4,46M","-0,22%"
"21.10.2021","5.669,98","5.671,50","5.699,00","5.629,50","3,84M","2,22%"
"20.10.2021","5.546,99","5.592,00","5.611,50","5.529,50","3,64M","-1,05%"
"19.10.2021","5.605,94","5.555,00","5.623,00","5.546,50","4,29M","1,62%"
"18.10.2021","5.516,82","5.480,00","5.554,50","5.476,50","3,27M","0,87%"
"15.10.2021","5.469,30","5.501,00","5.520,00","5.447,00","3,42M","-1,21%"
"14.10.2021","5.536,46","5.487,00","5.545,00","5.480,50","3,17M","0,21%"
"13.10.2021","5.524,85","5.532,50","5.589,00","5.514,50","3,85M","-0,35%"
"11.10.2021","5.544,38","5.517,00","5.561,50","5.509,00","2,04M","0,36%"
"08.10.2021","5.524,38","5.519,00","5.549,50","5.494,00","3,18M","0,02%"
"07.10.2021","5.523,41","5.491,50","5.547,50","5.487,50","3,28M","0,39%"
"06.10.2021","5.501,79","5.535,00","5.558,00","5.496,00","3,59M","0,25%"
"05.10.2021","5.487,99","5.450,00","5.510,50","5.446,50","2,99M","0,41%"
"04.10.2021","5.465,37","5.408,50","5.482,00","5.395,50","2,79M","1,56%"
"01.10.2021","5.381,27","5.442,50","5.456,00","5.376,00","3,15M","-1,07%"
"30.09.2021","5.439,40","5.410,00","5.444,50","5.368,50","338,73K","0,23%"
"29.09.2021","5.426,93","5.410,00","5.447,00","5.390,00","3,32M","-0,06%"
"28.09.2021","5.430,29","5.408,50","5.454,00","5.391,00","3,58M","0,82%"
"27.09.2021","5.386,10","5.326,00","5.399,00","5.311,50","3,39M","0,81%"
"24.09.2021","5.343,00","5.320,00","5.360,00","5.320,00","2,46M","0,64%"
"23.09.2021","5.308,89","5.268,00","5.318,50","5.263,00","2,79M","-0,16%"
"22.09.2021","5.317,46","5.262,00","5.327,00","5.257,50","3,11M","0,76%"
"21.09.2021","5.277,23","5.320,50","5.346,00","5.271,50","3,20M","-1,76%"
"20.09.2021","5.371,62","5.331,00","5.387,50","5.316,00","3,39M","1,46%"
"17.09.2021","5.294,57","5.266,50","5.358,00","5.261,50","3,65M","0,21%"
"16.09.2021","5.283,24","5.250,00","5.292,00","5.243,50","2,79M","0,50%"
"15.09.2021","5.257,02","5.255,00","5.284,50","5.227,00","3,29M","-0,08%"
"14.09.2021","5.261,29","5.250,00","5.278,00","5.212,50","3,15M","0,29%"
"13.09.2021","5.246,16","5.253,00","5.257,00","5.216,00","3,05M","-0,40%"
"10.09.2021","5.267,06","5.179,00","5.287,00","5.174,00","3,37M","-0,91%"
"09.09.2021","5.315,38","5.322,00","5.351,50","5.210,50","4,56M","-0,16%"
"08.09.2021","5.323,88","5.211,50","5.351,50","5.210,50","4,07M","2,56%"
"06.09.2021","5.190,81","5.207,50","5.230,50","5.173,00","1,71M","-0,25%"
"03.09.2021","5.203,58","5.192,50","5.220,00","5.150,00","3,23M","-0,04%"
"02.09.2021","5.205,45","5.194,00","5.220,00","5.161,50","3,61M","0,30%"
"01.09.2021","5.189,98","5.177,00","5.219,00","5.162,50","3,24M","0,91%"
"31.08.2021","5.143,30","5.183,50","5.197,50","5.137,00","263,73K","-0,84%"
"30.08.2021","5.186,72","5.200,00","5.227,50","5.181,00","2,77M","-0,11%"
"27.08.2021","5.192,22","5.258,50","5.263,50","5.189,00","3,21M","-1,28%"
"26.08.2021","5.259,54","5.228,00","5.270,50","5.219,50","2,90M","0,88%"
"25.08.2021","5.213,75","5.271,50","5.275,00","5.210,50","3,49M","-0,81%"
"24.08.2021","5.256,52","5.368,50","5.371,00","5.251,00","3,60M","-2,39%"
"23.08.2021","5.385,39","5.372,00","5.408,50","5.351,50","3,29M","-0,21%"
"20.08.2021","5.396,76","5.450,00","5.483,00","5.373,00","3,36M","-0,65%"
"19.08.2021","5.432,08","5.426,50","5.464,50","5.387,50","4,36M","1,24%"
"18.08.2021","5.365,77","5.295,00","5.407,50","5.271,50","4,19M","1,72%"
"17.08.2021","5.275,18","5.291,50","5.314,00","5.246,00","4,17M","-0,12%"
"16.08.2021","5.281,54","5.286,00","5.309,00","5.240,00","3,37M","0,49%"
"13.08.2021","5.256,01","5.255,00","5.294,00","5.232,50","3,39M","-0,14%"
"12.08.2021","5.263,45","5.233,00","5.275,00","5.222,50","3,31M","0,58%"
"11.08.2021","5.233,23","5.210,50","5.249,00","5.178,00","3,80M","0,35%"
"10.08.2021","5.215,14","5.252,00","5.278,50","5.200,50","4,12M","-0,67%"
"09.08.2021","5.250,37","5.245,00","5.315,00","5.230,50","3,91M","-0,15%"
"06.08.2021","5.258,10","5.249,00","5.292,50","5.222,00","3,69M","0,46%"
"05.08.2021","5.234,17","5.142,50","5.276,50","5.128,50","4,28M","0,43%"
"04.08.2021","5.211,96","5.204,00","5.265,00","5.184,00","3,84M","-0,23%"
"03.08.2021","5.223,89","5.187,00","5.294,00","5.183,00","3,97M","0,97%"
"02.08.2021","5.173,80","5.210,00","5.239,00","5.134,00","3,46M","1,02%"
"30.07.2021","5.121,60","5.088,00","5.127,00","5.074,50","250,58K","1,01%"
"29.07.2021","5.070,17","5.087,50","5.092,00","5.041,50","3,17M","-1,05%"
"28.07.2021","5.123,87","5.173,50","5.194,50","5.106,50","3,76M","-1,15%"
"27.07.2021","5.183,60","5.196,00","5.208,50","5.152,00","3,25M","0,07%"
"26.07.2021","5.180,08","5.195,00","5.233,50","5.154,50","3,12M","-0,88%"
"23.07.2021","5.225,99","5.202,50","5.237,00","5.162,50","3,07M","0,24%"
"22.07.2021","5.213,27","5.188,00","5.230,00","5.173,00","3,55M","0,09%"
"21.07.2021","5.208,75","5.238,50","5.283,50","5.186,50","3,82M","-0,22%"
"20.07.2021","5.220,00","5.247,50","5.301,50","5.208,50","3,73M","-0,69%"
"19.07.2021","5.256,31","5.165,00","5.265,00","5.159,00","3,76M","2,67%"
"16.07.2021","5.119,64","5.114,00","5.135,00","5.082,00","3,50M","-0,43%"
"15.07.2021","5.141,97","5.093,50","5.147,50","5.062,00","3,63M","1,04%"
"14.07.2021","5.089,20","5.163,00","5.167,50","5.076,50","3,61M","-1,76%"
"13.07.2021","5.180,54","5.189,50","5.233,50","5.158,50","3,78M","-0,26%"
"12.07.2021","5.194,25","5.266,50","5.296,50","5.175,00","3,50M","-1,38%"
"08.07.2021","5.267,14","5.290,00","5.327,00","5.232,00","4,05M","0,42%"
"07.07.2021","5.245,25","5.194,00","5.295,00","5.183,50","4,43M","0,62%"
"06.07.2021","5.212,68","5.092,00","5.231,50","5.090,00","3,85M","2,26%"
"05.07.2021","5.097,45","5.070,00","5.114,50","5.062,50","2,11M","0,83%"
"02.07.2021","5.055,65","5.051,00","5.088,50","5.001,50","3,33M","0,25%"
"01.07.2021","5.043,20","4.979,00","5.070,00","4.962,00","3,58M","0,82%"
"30.06.2021","5.002,20","4.962,50","5.009,50","4.951,50","297,94K","1,29%"
"29.06.2021","4.938,67","4.943,00","4.971,50","4.922,00","2,80M","0,12%"
"28.06.2021","4.932,88","4.951,00","4.973,50","4.919,00","3,02M","-0,55%"
"25.06.2021","4.960,03","4.916,50","4.977,00","4.895,50","3,46M","0,88%"
"24.06.2021","4.916,68","4.968,50","4.970,50","4.900,50","3,50M","-1,16%"
"23.06.2021","4.974,52","4.966,50","4.983,50","4.940,50","3,88M","-0,29%"
"22.06.2021","4.989,00","5.019,00","5.050,00","4.961,00","3,88M","-0,72%"
"21.06.2021","5.024,98","5.078,50","5.087,50","5.018,00","2,68M","-0,87%"
"18.06.2021","5.069,18","5.013,50","5.115,50","4.988,00","4,24M","0,70%"
"17.06.2021","5.033,89","5.075,00","5.083,50","5.013,50","3,52M","-0,76%"
"16.06.2021","5.072,44","5.061,00","5.089,50","5.001,00","4,32M","0,42%"
"15.06.2021","5.051,14","5.073,00","5.113,50","5.047,50","3,33M","-0,57%"
"14.06.2021","5.079,95","5.115,00","5.121,00","5.064,50","2,66M","-0,87%"
"11.06.2021","5.124,72","5.060,00","5.149,00","5.059,50","2,85M","0,77%"
"10.06.2021","5.085,36","5.072,50","5.102,00","5.042,50","3,36M","0,20%"
"09.06.2021","5.074,98","5.036,00","5.096,50","5.030,00","3,21M","0,50%"
"08.06.2021","5.049,73","5.055,00","5.080,00","5.033,00","3,16M","0,05%"
"07.06.2021","5.047,34","5.052,00","5.082,00","5.030,00","3,23M","-0,12%"
"04.06.2021","5.053,30","5.122,00","5.124,00","5.044,50","3,20M","-0,74%"
"02.06.2021","5.091,04","5.170,00","5.187,50","5.080,00","4,24M","-1,55%"
"01.06.2021","5.171,10","5.213,50","5.222,00","5.154,00","3,24M","-1,17%"
"31.05.2021","5.232,20","5.230,00","5.237,50","5.204,00","196,97K","0,33%"
"28.05.2021","5.214,89","5.258,00","5.261,00","5.210,00","2,30M","-0,61%"
"27.05.2021","5.247,00","5.307,00","5.313,50","5.236,50","3,57M","-1,28%"
"26.05.2021","5.315,28","5.326,50","5.344,00","5.289,50","2,92M","-0,29%"
"25.05.2021","5.331,00","5.314,00","5.350,00","5.297,00","2,81M","0,13%"
"24.05.2021","5.324,30","5.365,00","5.378,50","5.314,00","2,44M","-0,58%"
"21.05.2021","5.355,42","5.290,00","5.375,50","5.275,50","3,13M","1,35%"
"20.05.2021","5.284,12","5.310,00","5.312,50","5.275,00","2,63M","-0,75%"
"19.05.2021","5.323,93","5.292,50","5.331,50","5.265,00","3,40M","1,21%"
"18.05.2021","5.260,15","5.270,00","5.287,50","5.237,00","3,27M","-0,07%"
"17.05.2021","5.263,79","5.295,00","5.327,00","5.252,50","3,05M","-0,19%"
"14.05.2021","5.273,94","5.295,00","5.304,50","5.252,50","3,01M","-0,59%"
"13.05.2021","5.305,05","5.311,50","5.341,00","5.261,00","3,95M","0,27%"
"12.05.2021","5.290,56","5.243,50","5.328,00","5.219,50","4,12M","0,96%"
"11.05.2021","5.240,11","5.247,50","5.291,00","5.212,50","3,55M","-0,20%"
"10.05.2021","5.250,41","5.248,50","5.262,00","5.206,50","3,39M","0,24%"
"07.05.2021","5.237,69","5.292,50","5.305,50","5.214,00","3,54M","-1,03%"
"06.05.2021","5.292,06","5.358,00","5.386,50","5.269,00","3,94M","-1,48%"
"05.05.2021","5.371,67","5.450,50","5.457,50","5.363,50","3,34M","-1,40%"
"04.05.2021","5.447,73","5.474,00","5.496,50","5.424,00","3,34M","0,51%"
"03.05.2021","5.420,14","5.428,00","5.468,50","5.386,50","3,36M","0,31%"
"30.04.2021","5.403,60","5.354,50","5.410,00","5.336,00","234,01K","0,98%"
"29.04.2021","5.351,17","5.350,50","5.380,00","5.325,50","3,27M","-0,24%"
"28.04.2021","5.364,21","5.453,00","5.458,00","5.344,50","3,96M","-1,81%"
"27.04.2021","5.462,88","5.441,00","5.469,00","5.412,00","3,48M","0,07%"
"26.04.2021","5.459,31","5.458,00","5.492,00","5.435,00","3,07M","-0,68%"
"23.04.2021","5.496,49","5.432,00","5.526,00","5.427,00","3,28M","0,48%"
"22.04.2021","5.470,30","5.558,00","5.563,50","5.441,00","4,07M","-1,69%"
"20.04.2021","5.564,17","5.571,00","5.592,00","5.506,50","3,59M","0,08%"
"19.04.2021","5.559,85","5.575,50","5.626,00","5.531,50","3,59M","-0,47%"
"16.04.2021","5.586,24","5.620,00","5.682,00","5.571,00","3,30M","-0,59%"
"15.04.2021","5.619,62","5.659,00","5.668,50","5.601,50","3,22M","-1,37%"
"14.04.2021","5.697,49","5.708,00","5.741,50","5.651,50","3,62M","-0,07%"
"13.04.2021","5.701,61","5.740,50","5.763,00","5.669,00","3,75M","-0,66%"
"12.04.2021","5.739,47","5.684,00","5.749,00","5.637,50","3,09M","0,95%"
"09.04.2021","5.685,34","5.605,00","5.697,00","5.600,00","2,90M","1,94%"
"08.04.2021","5.577,29","5.615,00","5.625,00","5.546,00","3,15M","-1,16%"
"07.04.2021","5.642,85","5.597,00","5.663,00","5.556,50","3,51M","0,64%"
"06.04.2021","5.607,16","5.675,00","5.678,50","5.583,00","2,99M","-1,20%"
"05.04.2021","5.675,29","5.678,50","5.692,50","5.642,00","2,67M","-0,71%"
"01.04.2021","5.715,60","5.635,00","5.737,00","5.616,50","2,75M","0,32%"
"31.03.2021","5.697,30","5.767,00","5.770,50","5.695,00","256,03K","-0,85%"
"30.03.2021","5.746,25","5.784,00","5.804,00","5.722,00","3,10M","-0,64%"
"29.03.2021","5.783,25","5.767,00","5.806,50","5.737,00","3,00M","0,55%"
"26.03.2021","5.751,87","5.654,00","5.759,00","5.645,50","3,04M","1,37%"
"25.03.2021","5.673,90","5.627,50","5.683,50","5.619,50","3,52M","1,35%"
"24.03.2021","5.598,48","5.510,00","5.644,00","5.492,50","3,79M","1,98%"
"23.03.2021","5.489,60","5.542,00","5.553,00","5.467,00","3,62M","-0,30%"
"22.03.2021","5.505,96","5.510,00","5.549,50","5.497,00","2,79M","0,49%"
"19.03.2021","5.478,87","5.530,00","5.553,00","5.451,50","3,48M","-1,42%"
"18.03.2021","5.557,70","5.508,00","5.584,00","5.480,00","3,59M","-0,57%"
"17.03.2021","5.589,73","5.665,00","5.686,00","5.573,00","3,19M","-0,59%"
"16.03.2021","5.622,84","5.631,00","5.639,00","5.562,00","3,28M","-0,20%"
"15.03.2021","5.634,28","5.560,00","5.660,50","5.536,50","3,48M","1,14%"
"12.03.2021","5.570,56","5.577,50","5.586,50","5.550,00","2,60M","0,41%"
"11.03.2021","5.547,73","5.595,00","5.627,00","5.532,00","3,32M","-2,41%"
"10.03.2021","5.684,58","5.801,50","5.819,50","5.649,50","4,04M","-1,99%"
"09.03.2021","5.799,84","5.840,00","5.880,00","5.774,00","3,63M","0,27%"
"08.03.2021","5.784,05","5.740,00","5.882,50","5.710,00","3,59M","1,50%"
"05.03.2021","5.698,45","5.683,00","5.727,00","5.657,50","2,93M","0,69%"
"04.03.2021","5.659,46","5.591,00","5.690,00","5.550,00","4,23M","-1,67%"
"03.03.2021","5.755,47","5.693,50","5.779,50","5.586,50","3,94M","1,42%"
"02.03.2021","5.674,79","5.673,00","5.740,50","5.648,50","3,71M","1,24%"
"01.03.2021","5.605,52","5.593,00","5.650,00","5.563,00","3,11M","1,36%"
"26.02.2021","5.530,20","5.550,00","5.550,50","5.495,50","275,20K","0,32%"
"25.02.2021","5.512,63","5.436,50","5.541,50","5.418,50","4,43M","1,61%"
"24.02.2021","5.425,23","5.417,50","5.444,00","5.391,00","3,31M","-0,26%"
"23.02.2021","5.439,38","5.452,50","5.484,50","5.409,00","3,67M","-0,02%"
"22.02.2021","5.440,41","5.510,00","5.535,50","5.433,00","3,63M","0,58%"
"19.02.2021","5.408,85","5.462,50","5.472,00","5.370,00","3,60M","-0,52%"
"18.02.2021","5.436,89","5.392,50","5.455,50","5.388,50","3,19M","0,32%"
"17.02.2021","5.419,31","5.429,00","5.435,50","5.392,00","1,60M","0,78%"
"12.02.2021","5.377,55","5.405,00","5.415,00","5.357,00","3,02M","-0,33%"
"11.02.2021","5.395,10","5.374,00","5.414,00","5.336,50","3,38M","0,23%"
"10.02.2021","5.382,73","5.383,00","5.439,50","5.352,00","3,62M","0,02%"
"09.02.2021","5.381,60","5.364,00","5.450,50","5.354,50","3,86M","0,19%"
"08.02.2021","5.371,61","5.400,00","5.424,00","5.308,00","3,84M","0,05%"
"05.02.2021","5.369,17","5.412,00","5.459,00","5.347,50","3,51M","-1,44%"
"04.02.2021","5.447,37","5.375,00","5.460,00","5.359,00","3,45M","1,30%"
"03.02.2021","5.377,72","5.366,00","5.397,50","5.323,50","3,60M","0,34%"
"02.02.2021","5.359,48","5.400,50","5.424,00","5.346,50","3,44M","-1,92%"
"01.02.2021","5.464,26","5.437,50","5.489,00","5.422,00","3,17M","-0,21%"
"29.01.2021","5.475,90","5.428,00","5.501,00","5.420,50","253,35K","0,73%"
"28.01.2021","5.436,31","5.430,00","5.465,00","5.391,00","3,87M","0,86%"
"27.01.2021","5.390,09","5.371,50","5.420,00","5.350,00","4,20M","0,80%"
"26.01.2021","5.347,23","5.471,00","5.479,00","5.313,50","4,07M","-2,18%"
"22.01.2021","5.466,58","5.405,00","5.489,00","5.396,50","3,07M","1,86%"
"21.01.2021","5.366,92","5.249,00","5.401,50","5.232,50","3,82M","0,91%"
"20.01.2021","5.318,78","5.338,00","5.358,00","5.284,00","3,35M","-0,57%"
"19.01.2021","5.349,45","5.270,50","5.365,50","5.242,00","3,55M","1,07%"
"18.01.2021","5.292,89","5.313,50","5.324,50","5.238,00","2,86M","0,05%"
"15.01.2021","5.290,46","5.244,00","5.312,50","5.226,00","3,41M","1,76%"
"14.01.2021","5.199,11","5.297,00","5.305,00","5.194,00","3,69M","-2,02%"
"13.01.2021","5.306,10","5.351,50","5.358,00","5.273,50","4,10M","-1,00%"
"12.01.2021","5.359,56","5.475,00","5.498,00","5.315,50","3,96M","-2,24%"
"11.01.2021","5.482,53","5.457,00","5.520,00","5.453,00","3,53M","0,98%"
"08.01.2021","5.429,46","5.387,50","5.444,50","5.325,50","3,95M","0,62%"
"07.01.2021","5.395,83","5.345,50","5.421,50","5.303,50","3,97M","2,57%"
"06.01.2021","5.260,85","5.272,50","5.364,00","5.237,00","4,43M","-0,14%"
"05.01.2021","5.268,02","5.290,50","5.358,50","5.257,00","3,92M","0,33%"
"04.01.2021","5.250,67","5.131,00","5.292,50","5.122,00","3,82M","1,04%"
"30.12.2020","5.196,70","5.200,00","5.219,00","5.154,00","462,92K","0,07%"
"29.12.2020","5.192,96","5.227,00","5.246,00","5.163,00","3,10M","-1,30%"
"28.12.2020","5.261,18","5.180,00","5.311,00","5.163,50","3,65M","1,18%"
"23.12.2020","5.199,67","5.146,00","5.219,00","5.129,00","2,77M","0,75%"
"22.12.2020","5.160,74","5.136,00","5.171,50","5.109,00","2,77M","0,85%"
"21.12.2020","5.117,08","5.203,00","5.224,50","5.111,50","3,28M","0,60%"
"18.12.2020","5.086,70","5.099,50","5.116,50","5.071,50","2,74M","0,14%"
"17.12.2020","5.079,44","5.060,00","5.086,50","5.039,00","2,87M","-0,69%"
"16.12.2020","5.114,58","5.063,00","5.143,00","5.061,00","3,26M","0,56%"
"15.12.2020","5.086,29","5.094,00","5.125,00","5.075,00","2,98M","-0,62%"
"14.12.2020","5.118,15","5.039,00","5.131,00","5.010,50","3,54M","1,04%"
"11.12.2020","5.065,34","5.055,00","5.089,00","5.029,50","3,08M","0,34%"
"10.12.2020","5.048,09","5.112,00","5.133,00","5.016,00","3,94M","-2,65%"
"09.12.2020","5.185,44","5.100,50","5.198,00","5.087,00","3,59M","1,33%"
"08.12.2020","5.117,16","5.121,50","5.139,50","5.063,00","3,62M","0,64%"
"07.12.2020","5.084,64","5.170,00","5.170,00","5.057,50","3,96M","-0,84%"
"04.12.2020","5.127,79","5.149,00","5.184,50","5.116,50","3,26M","-0,20%"
"03.12.2020","5.137,81","5.222,00","5.231,50","5.122,00","3,68M","-2,07%"
"02.12.2020","5.246,59","5.226,00","5.255,50","5.206,50","3,23M","0,35%"
"01.12.2020","5.228,14","5.317,00","5.330,50","5.211,00","3,71M","-1,94%"
"30.11.2020","5.331,70","5.295,00","5.343,50","5.271,00","358,44K","0,02%"
"27.11.2020","5.330,42","5.331,00","5.380,00","5.320,00","2,43M","0,26%"
"26.11.2020","5.316,46","5.345,50","5.358,50","5.296,00","2,07M","-0,08%"
"25.11.2020","5.320,51","5.392,00","5.398,50","5.305,00","3,13M","-1,14%"
"24.11.2020","5.381,64","5.419,00","5.429,00","5.371,00","3,14M","-1,17%"
"23.11.2020","5.445,40","5.356,00","5.451,50","5.340,00","3,97M","1,16%"
"20.11.2020","5.383,02","5.290,00","5.397,50","5.289,00","2,99M","1,31%"
"19.11.2020","5.313,50","5.383,00","5.386,00","5.300,50","3,38M","-0,10%"
"18.11.2020","5.319,07","5.333,00","5.375,00","5.277,00","3,81M","-0,89%"
"17.11.2020","5.366,69","5.392,00","5.425,50","5.325,00","3,94M","-1,33%"
"16.11.2020","5.438,95","5.431,00","5.460,00","5.367,00","3,67M","-0,76%"
"13.11.2020","5.480,79","5.455,50","5.529,50","5.450,50","3,09M","0,39%"
"12.11.2020","5.459,65","5.400,00","5.494,00","5.357,00","3,63M","0,79%"
"11.11.2020","5.417,01","5.412,50","5.461,00","5.378,00","3,75M","0,60%"
"10.11.2020","5.384,90","5.390,00","5.423,50","5.339,00","4,48M","-0,64%"
"09.11.2020","5.419,85","5.283,50","5.429,50","5.228,00","5,51M","-0,05%"
"06.11.2020","5.422,83","5.520,00","5.578,00","5.370,00","3,99M","-2,60%"
"05.11.2020","5.567,55","5.615,00","5.635,50","5.526,00","3,49M","-1,66%"
"04.11.2020","5.661,48","5.768,00","5.768,00","5.648,50","3,48M","-1,60%"
"03.11.2020","5.753,40","5.705,00","5.772,00","5.654,00","3,22M","-0,32%"
"30.10.2020","5.771,80","5.778,50","5.794,00","5.746,00","314,02K","0,21%"
"29.10.2020","5.759,92","5.785,00","5.792,00","5.745,00","3,12M","0,41%"
"28.10.2020","5.736,67","5.733,50","5.793,00","5.703,00","4,37M","1,07%"
"27.10.2020","5.675,68","5.610,50","5.712,50","5.600,50","2,86M","0,87%"
"26.10.2020","5.626,89","5.646,50","5.664,50","5.612,00","2,86M","0,03%"
"23.10.2020","5.625,24","5.576,00","5.636,50","5.567,00","2,62M","0,43%"
"22.10.2020","5.601,15","5.616,00","5.628,00","5.564,00","3,10M","-0,19%"
"21.10.2020","5.611,96","5.601,50","5.630,00","5.572,50","3,37M","0,43%"
"20.10.2020","5.587,74","5.607,00","5.629,00","5.550,00","3,26M","-0,15%"
"19.10.2020","5.596,25","5.622,00","5.637,00","5.569,00","3,13M","-0,84%"
"16.10.2020","5.643,53","5.610,00","5.657,00","5.600,50","2,65M","0,73%"
"15.10.2020","5.602,51","5.633,00","5.651,00","5.592,00","3,05M","0,07%"
"14.10.2020","5.598,38","5.595,50","5.608,00","5.538,00","2,84M","0,30%"
"13.10.2020","5.581,41","5.527,50","5.629,50","5.523,50","3,44M","0,81%"
"09.10.2020","5.536,47","5.585,00","5.587,50","5.514,50","2,89M","-1,17%"
"08.10.2020","5.601,73","5.595,50","5.651,50","5.581,50","3,40M","-0,33%"
"07.10.2020","5.620,14","5.565,00","5.644,00","5.555,00","4,10M","0,26%"
"06.10.2020","5.605,57","5.543,00","5.622,00","5.487,50","4,13M","0,61%"
"05.10.2020","5.571,84","5.660,00","5.682,00","5.556,00","3,35M","-1,57%"
"02.10.2020","5.660,70","5.660,50","5.697,50","5.611,50","3,63M","0,21%"
"01.10.2020","5.649,03","5.578,00","5.669,00","5.577,50","3,09M","0,15%"
"30.09.2020","5.640,70","5.630,00","5.666,50","5.617,50","276,92K","0,07%"
"29.09.2020","5.636,61","5.646,00","5.679,00","5.605,50","3,85M","0,11%"
"28.09.2020","5.630,29","5.520,00","5.674,50","5.518,50","3,72M","1,40%"
"25.09.2020","5.552,62","5.541,50","5.588,50","5.535,00","3,22M","0,71%"
"24.09.2020","5.513,48","5.590,50","5.624,50","5.494,00","3,97M","-1,08%"
"23.09.2020","5.573,76","5.508,50","5.599,50","5.490,00","3,41M","1,84%"
"22.09.2020","5.473,03","5.426,50","5.497,00","5.383,50","3,98M","1,23%"
"21.09.2020","5.406,55","5.452,00","5.498,50","5.389,00","3,94M","0,85%"
"18.09.2020","5.361,20","5.254,50","5.401,00","5.245,50","3,42M","2,28%"
"17.09.2020","5.241,60","5.270,00","5.293,00","5.229,00","2,96M","0,12%"
"16.09.2020","5.235,53","5.251,00","5.276,00","5.213,00","3,26M","-0,88%"
"15.09.2020","5.282,15","5.239,50","5.303,50","5.223,00","3,19M","0,09%"
"14.09.2020","5.277,13","5.308,00","5.326,50","5.265,50","2,72M","-1,07%"
"11.09.2020","5.334,21","5.297,50","5.353,00","5.263,00","3,01M","0,45%"
"10.09.2020","5.310,48","5.307,00","5.336,00","5.272,50","3,30M","0,34%"
"09.09.2020","5.292,46","5.346,00","5.346,50","5.282,00","2,72M","-1,24%"
"08.09.2020","5.358,79","5.364,00","5.413,50","5.319,50","3,17M","0,98%"
"04.09.2020","5.306,60","5.307,50","5.332,50","5.251,00","3,25M","0,44%"
"03.09.2020","5.283,21","5.375,00","5.380,00","5.277,50","3,64M","-1,62%"
"02.09.2020","5.370,10","5.417,00","5.436,00","5.346,00","3,41M","-0,24%"
"01.09.2020","5.383,09","5.452,50","5.460,00","5.340,50","3,62M","-1,61%"
"31.08.2020","5.471,30","5.404,50","5.479,50","5.402,50","250,18K","1,12%"
"28.08.2020","5.410,88","5.517,00","5.527,00","5.386,50","3,29M","-2,84%"
"27.08.2020","5.568,82","5.598,50","5.622,50","5.545,00","3,48M","-0,89%"
"26.08.2020","5.618,94","5.531,00","5.634,50","5.526,00","3,39M","1,72%"
"25.08.2020","5.523,80","5.585,00","5.615,00","5.506,50","3,23M","-1,31%"
"24.08.2020","5.597,16","5.580,50","5.617,00","5.560,50","2,62M","-0,19%"
"21.08.2020","5.607,54","5.564,50","5.635,00","5.557,50","3,02M","0,75%"
"20.08.2020","5.565,65","5.615,00","5.674,50","5.540,50","4,07M","0,76%"
"19.08.2020","5.523,51","5.451,00","5.564,00","5.437,00","3,16M","0,84%"
"18.08.2020","5.477,62","5.446,50","5.518,50","5.423,00","3,38M","-0,65%"
"17.08.2020","5.513,27","5.442,00","5.517,00","5.411,50","2,94M","1,50%"
"14.08.2020","5.431,95","5.402,00","5.445,00","5.362,00","2,97M","1,03%"
"13.08.2020","5.376,65","5.419,00","5.427,00","5.353,50","3,35M","-1,56%"
"12.08.2020","5.461,60","5.406,50","5.496,50","5.403,50","3,75M","1,13%"
"11.08.2020","5.400,71","5.443,50","5.468,00","5.376,00","4,27M","-1,09%"
"10.08.2020","5.460,17","5.434,00","5.496,50","5.356,50","3,38M","0,61%"
"07.08.2020","5.426,98","5.350,00","5.445,00","5.345,00","3,15M","1,33%"
"06.08.2020","5.355,93","5.346,00","5.377,00","5.324,00","3,08M","0,99%"
"05.08.2020","5.303,56","5.254,00","5.325,50","5.238,00","3,22M","-0,19%"
"04.08.2020","5.313,75","5.352,00","5.382,50","5.280,00","3,49M","-0,22%"
"03.08.2020","5.325,68","5.235,50","5.342,00","5.216,50","3,06M","2,35%"
"31.07.2020","5.203,30","5.184,50","5.216,00","5.163,00","200,17K","1,02%"
"30.07.2020","5.150,64","5.204,00","5.217,00","5.145,00","3,14M","-0,04%"
"29.07.2020","5.152,69","5.144,00","5.184,50","5.116,00","3,16M","0,23%"
"28.07.2020","5.140,87","5.186,50","5.204,50","5.136,50","2,94M","-0,44%"
"27.07.2020","5.163,71","5.194,00","5.225,00","5.142,50","3,10M","-0,55%"
"24.07.2020","5.192,44","5.224,50","5.254,50","5.161,00","3,74M","0,03%"
"23.07.2020","5.190,63","5.138,50","5.227,50","5.125,50","3,95M","1,68%"
"22.07.2020","5.104,68","5.179,00","5.205,00","5.085,00","3,51M","-1,38%"
"21.07.2020","5.176,06","5.306,50","5.313,50","5.168,00","4,04M","-3,00%"
"20.07.2020","5.336,05","5.371,00","5.394,00","5.331,00","2,76M","-0,91%"
"17.07.2020","5.385,18","5.333,50","5.395,50","5.319,50","2,74M","1,18%"
"16.07.2020","5.322,31","5.384,50","5.397,00","5.311,00","3,45M","-1,00%"
"15.07.2020","5.375,84","5.319,00","5.394,50","5.296,00","3,57M","0,68%"
"14.07.2020","5.339,56","5.391,50","5.458,50","5.335,00","4,21M","-0,42%"
"13.07.2020","5.361,83","5.319,00","5.414,50","5.314,00","3,14M","0,67%"
"10.07.2020","5.325,99","5.372,50","5.399,50","5.317,50","3,33M","-0,77%"
"09.07.2020","5.367,40","5.338,00","5.384,00","5.251,50","3,74M","0,30%"
"08.07.2020","5.351,52","5.367,50","5.399,50","5.324,00","3,72M","-0,42%"
"07.07.2020","5.373,90","5.394,50","5.408,00","5.295,50","3,92M","0,26%"
"06.07.2020","5.359,86","5.276,50","5.368,50","5.268,00","3,12M","0,80%"
"03.07.2020","5.317,35","5.353,00","5.387,50","5.312,50","1,90M","-0,93%"
"02.07.2020","5.367,42","5.285,00","5.383,50","5.273,50","3,62M","0,62%"
"01.07.2020","5.334,28","5.463,00","5.482,50","5.305,50","3,13M","-2,59%"
"30.06.2020","5.476,00","5.426,50","5.486,00","5.416,50","171,53K","0,71%"
"29.06.2020","5.437,56","5.460,50","5.472,50","5.390,00","3,45M","-0,39%"
"26.06.2020","5.458,82","5.378,50","5.493,50","5.368,00","3,44M","2,33%"
"25.06.2020","5.334,64","5.377,00","5.389,00","5.268,00","4,02M","0,26%"
"24.06.2020","5.320,84","5.179,50","5.355,50","5.166,00","4,02M","3,43%"
"23.06.2020","5.144,42","5.205,00","5.228,50","5.135,50","3,17M","-2,26%"
"22.06.2020","5.263,63","5.294,50","5.299,50","5.201,50","3,42M","-0,70%"
"19.06.2020","5.300,71","5.328,00","5.384,00","5.290,50","3,89M","-1,27%"
"18.06.2020","5.368,85","5.302,50","5.391,00","5.294,00","3,53M","2,19%"
"17.06.2020","5.253,72","5.230,00","5.275,50","5.185,50","3,84M","0,96%"
"16.06.2020","5.203,92","5.118,50","5.258,50","5.052,50","4,55M","1,38%"
"15.06.2020","5.133,16","5.135,00","5.229,00","5.083,00","4,19M","1,01%"
"12.06.2020","5.082,05","5.092,50","5.116,00","5.005,50","4,22M","2,67%"
"10.06.2020","4.949,87","4.861,00","4.983,50","4.841,50","4,08M","0,89%"
"09.06.2020","4.906,01","4.873,50","4.941,00","4.864,00","3,44M","0,43%"
"08.06.2020","4.884,78","4.967,00","4.981,50","4.820,50","3,82M","-1,80%"
"05.06.2020","4.974,25","5.061,00","5.086,00","4.940,00","3,46M","-2,72%"
"04.06.2020","5.113,30","5.065,00","5.149,00","5.031,00","4,11M","0,39%"
"03.06.2020","5.093,19","5.215,00","5.221,50","5.023,00","3,93M","-2,57%"
"02.06.2020","5.227,67","5.331,00","5.346,00","5.205,50","3,33M","-3,28%"
"01.06.2020","5.405,09","5.340,00","5.425,50","5.317,00","3,35M","-0,39%"
"29.05.2020","5.426,30","5.393,00","5.442,00","5.335,00","215,82K","1,39%"
"28.05.2020","5.352,07","5.283,00","5.413,00","5.282,00","3,00M","1,30%"
"27.05.2020","5.283,45","5.343,00","5.361,00","5.270,00","3,22M","-1,19%"
"26.05.2020","5.347,32","5.375,50","5.403,00","5.335,50","2,95M","-2,10%"
"25.05.2020","5.462,22","5.508,50","5.531,50","5.434,50","2,10M","-2,17%"
"22.05.2020","5.583,10","5.579,00","5.627,50","5.524,50","3,26M","0,24%"
"21.05.2020","5.569,87","5.700,00","5.708,50","5.549,50","3,22M","-2,07%"
"20.05.2020","5.687,39","5.725,00","5.756,00","5.672,50","2,81M","-0,74%"
"19.05.2020","5.730,02","5.697,00","5.771,50","5.686,00","2,85M","0,09%"
"18.05.2020","5.725,06","5.790,50","5.808,50","5.698,50","2,64M","-2,06%"
"15.05.2020","5.845,52","5.875,50","5.884,50","5.765,50","2,91M","-1,12%"
"14.05.2020","5.911,79","5.927,50","5.977,50","5.808,00","3,26M","-0,37%"
"13.05.2020","5.933,85","5.832,50","5.949,50","5.823,50","2,83M","0,81%"
"12.05.2020","5.885,98","5.800,00","5.902,00","5.749,00","2,74M","0,89%"
"11.05.2020","5.834,29","5.793,50","5.847,50","5.771,00","2,35M","1,34%"
"08.05.2020","5.757,03","5.808,50","5.836,00","5.725,00","2,56M","-1,48%"
"07.05.2020","5.843,37","5.786,00","5.884,50","5.751,00","2,80M","2,71%"
"06.05.2020","5.688,96","5.603,00","5.732,50","5.603,00","2,05M","1,85%"
"05.05.2020","5.585,57","5.535,50","5.613,50","5.491,00","2,53M","0,59%"
"04.05.2020","5.552,84","5.612,00","5.622,00","5.528,50","2,28M","2,32%"
"30.04.2020","5.427,00","5.350,00","5.441,00","5.330,00","158,03K","0,97%"
"29.04.2020","5.374,98","5.468,00","5.528,50","5.332,50","2,78M","-2,46%"
"28.04.2020","5.510,36","5.626,00","5.631,00","5.472,00","2,85M","-3,41%"
"27.04.2020","5.705,02","5.553,00","5.728,50","5.536,00","2,36M","0,31%"
"24.04.2020","5.687,61","5.556,00","5.751,00","5.555,00","3,06M","3,56%"
"23.04.2020","5.492,33","5.452,00","5.560,00","5.404,50","2,65M","1,70%"
"22.04.2020","5.400,28","5.323,50","5.468,50","5.306,00","2,28M","1,62%"
"20.04.2020","5.314,07","5.286,00","5.323,50","5.269,00","1,74M","1,17%"
"17.04.2020","5.252,62","5.215,00","5.280,50","5.211,50","1,81M","-0,23%"
"16.04.2020","5.264,52","5.257,00","5.273,00","5.206,50","2,03M","0,34%"
"15.04.2020","5.246,48","5.225,00","5.274,00","5.220,00","1,86M","1,20%"
"14.04.2020","5.184,10","5.193,00","5.218,00","5.154,50","1,93M","0,10%"
"13.04.2020","5.178,80","5.127,50","5.214,50","5.110,50","1,95M","1,50%"
"09.04.2020","5.102,17","5.114,50","5.159,50","5.056,00","2,07M","-1,08%"
"08.04.2020","5.157,86","5.220,50","5.255,50","5.118,00","2,07M","-1,32%"
"07.04.2020","5.227,07","5.193,00","5.259,00","5.190,00","2,06M","-1,25%"
"06.04.2020","5.293,46","5.314,50","5.319,50","5.233,00","1,97M","-0,53%"
"03.04.2020","5.321,47","5.285,00","5.365,50","5.277,00","1,59M","0,81%"
"02.04.2020","5.278,63","5.258,00","5.294,00","5.231,50","1,84M","0,27%"
"01.04.2020","5.264,67","5.238,50","5.283,50","5.231,00","1,87M","1,27%"
"31.03.2020","5.198,70","5.195,50","5.207,00","5.169,00","128,03K","0,37%"
"30.03.2020","5.179,38","5.121,00","5.198,00","5.112,00","1,77M","2,18%"
"27.03.2020","5.068,71","5.050,00","5.128,00","5.045,00","2,13M","1,34%"
"26.03.2020","5.001,84","5.053,50","5.066,50","4.974,00","2,28M","0,13%"
"25.03.2020","4.995,58","5.083,50","5.110,50","4.973,50","2,27M","-1,82%"
"24.03.2020","5.088,20","5.051,00","5.108,50","5.048,00","2,19M","-0,88%"
"23.03.2020","5.133,60","5.095,00","5.150,00","5.006,00","2,04M","2,25%"
"20.03.2020","5.020,77","5.009,50","5.069,50","4.985,00","2,03M","-1,63%"
"19.03.2020","5.103,90","5.199,50","5.225,00","5.071,00","2,00M","-2,32%"
"18.03.2020","5.224,92","5.145,00","5.260,00","5.057,00","2,29M","4,67%"
"17.03.2020","4.991,70","5.058,00","5.089,00","4.960,50","1,88M","-0,49%"
"16.03.2020","5.016,06","4.980,00","5.081,00","4.885,00","1,73M","3,57%"
"13.03.2020","4.843,25","4.757,00","4.886,00","4.648,50","1,55M","0,64%"
"12.03.2020","4.812,49","5.027,00","5.034,00","4.755,50","1,40M","1,33%"
"11.03.2020","4.749,23","4.674,50","4.850,50","4.661,50","1,77M","2,05%"
"10.03.2020","4.653,95","4.688,00","4.711,00","4.642,50","1,58M","-1,95%"
"09.03.2020","4.746,66","4.765,50","4.799,00","4.713,00","1,75M","2,36%"
"06.03.2020","4.637,35","4.636,50","4.678,50","4.617,00","1,63M","-0,19%"
"05.03.2020","4.646,26","4.612,00","4.674,50","4.595,00","1,98M","1,48%"
"04.03.2020","4.578,38","4.514,00","4.598,00","4.511,50","1,70M","1,40%"
"03.03.2020","4.514,99","4.483,50","4.526,00","4.460,50","1,98M","0,60%"
"02.03.2020","4.488,20","4.508,50","4.514,50","4.477,00","1,55M","-0,23%"
"28.02.2020","4.498,70","4.504,50","4.506,50","4.475,00","122,07K","0,58%"
"27.02.2020","4.472,83","4.451,00","4.502,00","4.448,50","2,09M","0,76%"
"26.02.2020","4.439,06","4.418,00","4.456,00","4.405,00","1,15M","1,11%"
"21.02.2020","4.390,48","4.402,00","4.406,50","4.373,00","1,39M","-0,09%"
"20.02.2020","4.394,62","4.383,50","4.399,50","4.359,50","1,49M","0,57%"
"19.02.2020","4.369,75","4.365,50","4.378,00","4.360,00","1,09M","0,21%"
"18.02.2020","4.360,45","4.345,00","4.365,50","4.339,00","1,25M","0,66%"
"17.02.2020","4.332,02","4.309,50","4.333,50","4.304,50","785,69K","0,60%"
"14.02.2020","4.306,15","4.326,00","4.336,50","4.292,50","1,41M","-0,89%"
"13.02.2020","4.345,01","4.380,50","4.385,50","4.311,50","1,78M","-0,06%"
"12.02.2020","4.347,62","4.323,50","4.361,00","4.323,50","1,32M","0,15%"
"11.02.2020","4.341,30","4.317,00","4.344,00","4.301,50","1,61M","0,29%"
"10.02.2020","4.328,77","4.316,00","4.333,50","4.309,00","1,35M","0,19%"
"07.02.2020","4.320,47","4.300,50","4.328,50","4.291,50","1,65M","0,94%"
"06.02.2020","4.280,14","4.223,00","4.291,50","4.213,50","2,02M","0,51%"
"05.02.2020","4.258,35","4.252,50","4.266,00","4.232,50","1,39M","0,09%"